order_id,gender_category,product_line,product_name,size,units_sold,price,discount_applied,revenue,order_date,sales_channel,region,profit
2001,Women,Soccer,Tiempo Legend,2,3.0,4957.93,0,0.0,2024-07-09,Retail,Hyderabad,-112.53
2002,Women,Soccer,Premier III,2,4.0,5879.875,0,0.0,2024-07-09,Retail,Mumbai,3337.34
2005,Women,Training,Flex Trainer,2,1.0,7363.96,0,0.0,2024-09-12,Retail,Delhi,1415.98
2007,Kids,Training,SuperRep Go,2,1.0,5628.213958333334,0.32,0.0,2025-06-04,Retail,Bangalore,2928.36
2008,Women,Soccer,Premier III,11,-1.0,5879.875,0,0.0,2024-10-11,Online,Hyderabad,-731.18
2009,Men,Soccer,Mercurial Superfly,2,4.0,6274.248378378378,0,0.0,2024-10-11,Online,Pune,3929.61
2010,Kids,Lifestyle,Waffle One,3,1.0,7949.83,0,0.0,2025-01-16,Online,Pune,1965.56
2011,Women,Training,Flex Trainer,3,-1.0,9586.08,0,0.0,2025-01-16,Retail,Hyderabad,1667.08
2016,Women,Basketball,Air Jordan,2,1.0,9871.75,0.3,6910.22,2025-05-31,Retail,Hyderabad,2452.69
2017,Women,Basketball,Air Jordan,9,4.0,6064.126491228069,0,0.0,2025-03-17,Retail,Delhi,1946.24
2018,Men,Training,Metcon 7,4,0.0,6019.014594594595,1.17,0.0,2025-03-17,Online,Bangalore,-966.89
2019,Kids,Running,Air Zoom,6,0.0,3424.06,0.32,0.0,2025-01-17,Online,Hyderabad,1915.24
2020,Kids,Soccer,Tiempo Legend,3,-1.0,5638.320256410257,0.67,0.0,2025-03-28,Retail,Mumbai,439.96
2021,Men,Running,Free RN,3,-1.0,7086.7,0.66,-2409.48,2024-11-19,Retail,Hyderabad,-1120.49
2024,Kids,Training,SuperRep Go,4,0.0,5628.213958333334,0.5,0.0,2024-12-28,Retail,Bangalore,1842.35
2025,Women,Basketball,Kyrie Flytrap,2,3.0,9820.5,0,0.0,2024-12-28,Retail,Mumbai,1900.15
2026,Kids,Lifestyle,Blazer Mid,4,1.0,5995.4456451612905,0.16,0.0,2024-08-10,Retail,Kolkata,2301.64
2029,Men,Training,ZoomX Invincible,12,0.0,6594.948909090909,0,0.0,2023-10-28,Online,Bangalore,-185.67
2032,Women,Lifestyle,Blazer Mid,4,1.0,5995.4456451612905,1.07,0.0,2025-04-11,Retail,Mumbai,-555.16
2033,Men,Soccer,Mercurial Superfly,4,-1.0,6274.248378378378,0,0.0,2025-04-11,Retail,Kolkata,-1005.71
2037,Kids,Running,Pegasus Turbo,7,3.0,5653.14,1.01,-169.59,2025-02-15,Retail,Pune,2776.96
2002,Women,Basketball,Zoom Freak,4,3.0,5075.22,0,0.0,2025-03-07,Retail,Delhi,145.08
2045,Kids,Lifestyle,Dunk Low,4,4.0,6179.874130434783,0,0.0,2025-04-06,Retail,Delhi,1833.94
2047,Women,Training,SuperRep Go,10,1.0,8577.75,0,0.0,2024-06-13,Retail,Bangalore,2888.68
2049,Kids,Soccer,Tiempo Legend,3,1.0,7767.2,0,0.0,2024-10-27,Retail,Pune,311.48
2050,Men,Running,Air Zoom,3,1.0,5842.576458333334,0.57,0.0,2024-10-27,Retail,Kolkata,682.12
2052,Men,Training,Flex Trainer,10,3.0,9155.96,0,0.0,2024-10-08,Retail,Pune,2184.8
2053,Men,Lifestyle,Air Force 1,4,3.0,6009.58,0,0.0,2024-10-02,Online,Delhi,3384.92
2054,Women,Training,Flex Trainer,11,-1.0,5957.5976190476185,0,0.0,2025-06-23,Online,Mumbai,-549.76
2056,Men,Running,React Infinity,3,3.0,6447.061224489796,0,0.0,2024-05-31,Retail,Bangalore,-244.44
2048,Men,Lifestyle,Waffle One,2,3.0,6216.29,0.94,1118.93,2024-09-14,Online,Mumbai,-642.02
2060,Men,Lifestyle,Waffle One,3,2.0,7979.26,0,0.0,2024-07-11,Online,Bangalore,2821.59
2063,Women,Basketball,Air Jordan,2,1.0,9751.0,0.16,8190.84,2024-09-06,Retail,Pune,1130.31
2064,Kids,Running,React Infinity,3,2.0,7557.71,0,0.0,2025-03-02,Online,Bangalore,3277.44
2066,Men,Soccer,Phantom GT,4,-1.0,5259.05,0,0.0,2024-12-10,Online,Mumbai,1022.82
2067,Kids,Basketball,LeBron 20,3,4.0,3588.38,0,0.0,2025-05-06,Online,Kolkata,161.5
2071,Kids,Lifestyle,Blazer Mid,2,3.0,7849.81,0.49,12010.21,2025-01-12,Retail,Pune,-882.96
2073,Women,Lifestyle,Blazer Mid,12,4.0,5995.4456451612905,0.85,0.0,2024-11-03,Online,Hyderabad,443.86
2074,Men,Training,Flex Trainer,3,-1.0,5957.5976190476185,0.57,0.0,2024-11-03,Online,Kolkata,1958.47
2075,Kids,Basketball,Air Jordan,3,4.0,4251.74,0,0.0,2025-07-14,Online,Pune,2345.35
2079,Men,Running,Pegasus Turbo,4,-1.0,4322.06,0,0.0,2025-01-19,Online,Bangalore,279.78
2084,Men,Training,Metcon 7,2,2.0,6019.014594594595,0,0.0,2023-12-24,Online,Mumbai,408.39
2086,Men,Soccer,Mercurial Superfly,3,0.0,6274.248378378378,0.45,0.0,2024-10-11,Online,Kolkata,1742.66
2088,Women,Running,Free RN,4,4.0,6094.6030612244895,0,0.0,2025-04-26,Online,Bangalore,2702.93
2089,Women,Training,Flex Trainer,3,2.0,6874.77,0.6,5499.82,2024-12-02,Online,Mumbai,-1076.66
2092,Kids,Basketball,Zoom Freak,4,2.0,6748.174761904761,1.13,0.0,2024-12-02,Online,Delhi,207.2
2093,Men,Running,Free RN,4,0.0,6094.6030612244895,0.29,0.0,2024-12-02,Online,Kolkata,-146.73
2094,Kids,Training,Flex Trainer,10,1.0,4276.36,0,0.0,2024-11-10,Retail,Delhi,2974.58
2096,Men,Running,Pegasus Turbo,4,2.0,6047.902291666666,0,0.0,2024-12-24,Online,Kolkata,288.66
2099,Kids,Soccer,Mercurial Superfly,2,2.0,6274.248378378378,0.32,0.0,2025-02-01,Retail,Mumbai,360.97
2100,Kids,Soccer,Phantom GT,8,1.0,5937.52,0,0.0,2025-07-11,Retail,Mumbai,2287.57
2102,Women,Soccer,Mercurial Superfly,4,-1.0,6274.248378378378,0.77,0.0,2025-04-10,Online,Pune,284.17
2103,Women,Basketball,LeBron 20,4,-1.0,6777.88,0,0.0,2025-01-08,Online,Kolkata,469.61
2107,Women,Running,React Infinity,2,4.0,6447.061224489796,0,0.0,2024-08-30,Online,Hyderabad,-184.69
2109,Kids,Basketball,Zoom Freak,2,0.0,6748.174761904761,0,0.0,2025-01-29,Retail,Kolkata,3791.88
2110,Kids,Running,Air Zoom,12,1.0,5842.576458333334,0.42,0.0,2024-12-25,Retail,Pune,-259.29
2114,Women,Training,Flex Trainer,4,1.0,3167.33,0.53,1488.65,2023-12-19,Retail,Pune,1567.37
2115,Kids,Soccer,Phantom GT,6,2.0,7607.45,0,0.0,2023-12-19,Online,Kolkata,1969.03
2117,Women,Training,SuperRep Go,3,0.0,7645.96,0,0.0,2024-10-30,Online,Pune,2037.43
2118,Kids,Basketball,Zoom Freak,4,2.0,8426.54,0,0.0,2023-09-21,Online,Hyderabad,2696.85
2119,Women,Training,Metcon 7,11,-1.0,6019.014594594595,0.41,0.0,2025-04-05,Retail,Kolkata,2887.81
2000,Kids,Running,React Infinity,2,-1.0,6447.061224489796,0,0.0,2023-11-20,Retail,Kolkata,929.75
2126,Kids,Running,Pegasus Turbo,3,-1.0,5399.58,0,0.0,2024-12-14,Retail,Pune,2508.34
2127,Men,Training,Metcon 7,3,-1.0,4020.5,0,0.0,2023-08-19,Online,Mumbai,3718.37
2130,Men,Soccer,Premier III,10,3.0,5879.875,0.24,0.0,2024-09-14,Online,Bangalore,2962.75
2132,Men,Running,Free RN,3,2.0,6094.6030612244895,0,0.0,2024-09-14,Online,Delhi,3882.22
2135,Men,Basketball,Zoom Freak,3,2.0,9106.61,0.74,4735.44,2024-11-03,Retail,Hyderabad,2422.38
2136,Kids,Training,ZoomX Invincible,3,1.0,6594.948909090909,0,0.0,2024-09-15,Online,Pune,3672.24
2138,Men,Running,Pegasus Turbo,11,2.0,8055.2,0,0.0,2025-06-14,Online,Mumbai,1840.09
2143,Kids,Training,ZoomX Invincible,3,-1.0,6594.948909090909,0,0.0,2025-03-10,Online,Delhi,1006.66
2145,Men,Lifestyle,Blazer Mid,6,0.0,5995.4456451612905,0.67,0.0,2024-07-30,Online,Bangalore,1335.45
2147,Women,Soccer,Phantom GT,4,-1.0,6263.1849999999995,0,0.0,2024-09-14,Online,Hyderabad,-426.53
2150,Women,Basketball,LeBron 20,2,2.0,3313.21,0.48,3445.74,2025-07-06,Online,Bangalore,3221.62
2151,Kids,Soccer,Tiempo Legend,3,4.0,5619.75,0,0.0,2025-05-27,Online,Bangalore,2000.85
2156,Men,Soccer,Tiempo Legend,2,0.0,5638.320256410257,0,0.0,2024-08-31,Online,Pune,-286.07
2158,Women,Running,React Infinity,2,-1.0,6447.061224489796,0.5,0.0,2025-01-28,Online,Mumbai,514.79
2159,Women,Training,ZoomX Invincible,4,2.0,3987.65,0,0.0,2025-01-28,Retail,Delhi,2781.72
2161,Kids,Lifestyle,Waffle One,2,0.0,5119.41,0.8,0.0,2025-03-01,Online,Pune,1956.8
2164,Women,Soccer,Mercurial Superfly,8,0.0,6274.248378378378,0.95,0.0,2024-10-23,Online,Pune,-872.9
2165,Kids,Training,SuperRep Go,3,4.0,4577.65,0,0.0,2024-11-11,Retail,Kolkata,2460.19
2167,Men,Running,React Infinity,4,3.0,3055.79,0,0.0,2025-02-01,Retail,Mumbai,1259.58
2170,Kids,Lifestyle,Air Force 1,2,0.0,6194.755901639345,0,0.0,2025-06-28,Online,Kolkata,3218.82
2173,Men,Running,Free RN,3,-1.0,6620.78,0,0.0,2025-03-29,Online,Bangalore,3770.03
2179,Women,Training,ZoomX Invincible,2,3.0,6594.948909090909,0,0.0,2024-01-26,Retail,Pune,3135.92
2181,Women,Lifestyle,Air Force 1,4,2.0,6194.755901639345,0,0.0,2025-01-06,Retail,Delhi,419.58
2184,Men,Soccer,Mercurial Superfly,4,4.0,6274.248378378378,0,0.0,2025-01-06,Retail,Hyderabad,1980.73
2185,Women,Training,ZoomX Invincible,4,4.0,4207.44,0.59,6900.2,2025-06-08,Online,Kolkata,-615.48
2188,Men,Running,React Infinity,3,-1.0,6447.061224489796,0,0.0,2024-11-09,Online,Pune,1278.03
2189,Men,Training,SuperRep Go,3,3.0,5628.213958333334,0.9,0.0,2024-10-02,Online,Hyderabad,3628.46
2191,Men,Lifestyle,Air Force 1,8,3.0,6194.755901639345,0,0.0,2024-09-28,Retail,Pune,-1032.88
2192,Men,Basketball,Kyrie Flytrap,4,-1.0,5620.632222222222,0,0.0,2023-10-13,Retail,Delhi,554.91
2193,Women,Lifestyle,Waffle One,4,-1.0,5619.815833333333,1.24,0.0,2025-01-17,Retail,Delhi,1803.66
2196,Kids,Soccer,Premier III,3,2.0,2708.73,0,0.0,2025-06-30,Online,Delhi,925.63
2197,Kids,Training,ZoomX Invincible,3,3.0,6594.948909090909,0,0.0,2024-10-06,Online,Bangalore,-418.5
2198,Men,Training,SuperRep Go,7,4.0,5628.213958333334,0.65,0.0,2025-01-05,Online,Pune,-169.33
2199,Men,Soccer,Premier III,2,1.0,5879.875,0,0.0,2025-01-05,Retail,Kolkata,389.94
2200,Men,Basketball,Air Jordan,9,3.0,5570.72,0,0.0,2025-01-05,Online,Delhi,1513.76
2202,Men,Basketball,Kyrie Flytrap,2,-1.0,7918.93,1.06,475.14,2025-07-04,Retail,Bangalore,1994.42
2203,Men,Lifestyle,Air Force 1,2,0.0,6903.22,0,0.0,2025-07-04,Online,Pune,1556.95
2205,Women,Running,React Infinity,4,0.0,6447.061224489796,0,0.0,2025-04-24,Retail,Pune,-467.52
2206,Men,Training,Flex Trainer,2,2.0,5957.5976190476185,0,0.0,2025-04-24,Online,Delhi,-524.85
2214,Men,Basketball,LeBron 20,4,2.0,5016.03,0,0.0,2024-09-23,Retail,Mumbai,1446.0
2215,Men,Basketball,Zoom Freak,4,3.0,6748.174761904761,0.36,0.0,2024-12-16,Online,Kolkata,3254.06
2216,Women,Lifestyle,Air Force 1,2,1.0,3111.62,0,0.0,2024-12-16,Online,Hyderabad,2617.56
2218,Kids,Soccer,Premier III,6,2.0,5879.875,0,0.0,2025-04-15,Online,Bangalore,1440.02
2219,Women,Basketball,Air Jordan,2,-1.0,6064.126491228069,1.06,0.0,2025-04-15,Online,Bangalore,3305.72
2221,Kids,Lifestyle,Waffle One,3,2.0,3375.97,0,0.0,2024-01-06,Retail,Mumbai,-297.05
2222,Men,Training,ZoomX Invincible,4,2.0,8897.19,0.11,15837.0,2024-12-21,Retail,Mumbai,2821.69
2223,Kids,Training,Flex Trainer,2,-1.0,9180.15,0,0.0,2025-02-15,Online,Kolkata,799.28
2231,Kids,Training,Flex Trainer,9,0.0,5957.5976190476185,1.05,0.0,2025-01-04,Online,Bangalore,-39.48
2233,Men,Lifestyle,Air Force 1,4,0.0,6194.755901639345,0,0.0,2024-11-17,Online,Kolkata,2398.07
2042,Men,Basketball,Kyrie Flytrap,10,1.0,5254.47,0,0.0,2025-02-26,Retail,Bangalore,2459.63
2244,Kids,Training,Metcon 7,3,2.0,6019.014594594595,0,0.0,2024-11-07,Online,Delhi,1904.11
2246,Kids,Basketball,LeBron 20,3,-1.0,7806.98,0,0.0,2024-10-02,Online,Hyderabad,-943.35
2248,Men,Training,Metcon 7,2,4.0,8249.96,0.24,25079.88,2024-01-16,Online,Bangalore,1625.14
2253,Men,Training,Flex Trainer,2,0.0,5957.5976190476185,0,0.0,2025-05-18,Online,Bangalore,1516.72
2257,Men,Basketball,Kyrie Flytrap,4,1.0,5620.632222222222,0,0.0,2025-02-09,Online,Mumbai,-365.42
2260,Women,Lifestyle,Dunk Low,2,2.0,6179.874130434783,0,0.0,2024-12-12,Retail,Pune,-352.18
2262,Women,Running,Pegasus Turbo,3,0.0,6047.902291666666,0,0.0,2024-09-15,Retail,Pune,3146.93
2263,Women,Soccer,Premier III,2,0.0,5172.14,0,0.0,2024-10-08,Online,Kolkata,2510.55
2267,Women,Running,Air Zoom,2,-1.0,3075.72,0,0.0,2024-12-20,Retail,Kolkata,238.78
2268,Men,Soccer,Mercurial Superfly,2,3.0,7330.81,0,0.0,2023-11-16,Online,Kolkata,518.71
2269,Women,Training,ZoomX Invincible,11,4.0,6424.32,0,0.0,2024-07-14,Retail,Mumbai,-405.26
2270,Men,Running,React Infinity,4,1.0,6447.061224489796,1.03,0.0,2025-06-06,Retail,Pune,3088.25
2038,Women,Training,ZoomX Invincible,4,1.0,7338.57,0,0.0,2024-10-21,Retail,Delhi,3680.24
2273,Kids,Running,Free RN,2,-1.0,4004.36,0,0.0,2024-01-30,Online,Kolkata,-614.66
2274,Women,Training,Metcon 7,6,4.0,6019.014594594595,0.45,0.0,2025-06-13,Online,Bangalore,2561.89
2275,Kids,Running,Pegasus Turbo,2,-1.0,6047.902291666666,0,0.0,2025-07-03,Online,Pune,-783.71
2276,Kids,Lifestyle,Air Force 1,3,-1.0,6066.5,0,0.0,2023-08-29,Retail,Kolkata,1181.87
2280,Women,Soccer,Mercurial Superfly,2,-1.0,6274.248378378378,0,0.0,2025-02-13,Online,Delhi,3069.57
2281,Kids,Lifestyle,Waffle One,2,2.0,5619.815833333333,0,0.0,2025-07-13,Retail,Kolkata,1753.48
2283,Men,Soccer,Mercurial Superfly,10,1.0,6274.248378378378,0,0.0,2024-08-21,Retail,Delhi,468.59
2285,Women,Basketball,LeBron 20,3,-1.0,6092.007142857143,0,0.0,2024-10-08,Retail,Delhi,2211.71
2287,Women,Running,React Infinity,9,3.0,6447.061224489796,0,0.0,2024-10-16,Online,Mumbai,-650.68
2291,Women,Basketball,LeBron 20,3,-1.0,6092.007142857143,0,0.0,2024-10-20,Retail,Pune,2729.23
2292,Women,Running,Free RN,2,2.0,6094.6030612244895,1.1,0.0,2024-11-05,Online,Kolkata,1192.5
2293,Women,Basketball,Air Jordan,4,3.0,6064.126491228069,0,0.0,2025-05-13,Retail,Mumbai,2525.87
2300,Men,Basketball,Air Jordan,3,3.0,6331.64,0.78,4178.88,2024-08-17,Retail,Delhi,3380.28
2302,Women,Running,Air Zoom,4,0.0,5842.576458333334,0,0.0,2025-02-27,Retail,Hyderabad,1489.99
2303,Kids,Running,Free RN,3,2.0,2504.09,0,0.0,2024-12-24,Retail,Hyderabad,2971.55
2307,Women,Running,Free RN,4,2.0,9369.1,0,0.0,2025-06-18,Retail,Kolkata,2390.7
2026,Women,Training,Flex Trainer,2,4.0,5957.5976190476185,0.26,0.0,2024-09-25,Online,Delhi,495.62
2313,Women,Training,SuperRep Go,2,0.0,5628.213958333334,0,0.0,2024-09-30,Online,Delhi,480.74
2314,Women,Soccer,Mercurial Superfly,2,2.0,6274.248378378378,0.86,0.0,2024-12-09,Retail,Mumbai,1505.11
2316,Men,Soccer,Phantom GT,2,1.0,6263.1849999999995,0.39,0.0,2024-11-12,Retail,Delhi,3862.6
2318,Men,Soccer,Phantom GT,11,2.0,6263.1849999999995,0.25,0.0,2025-04-04,Retail,Delhi,1894.17
2319,Women,Basketball,Kyrie Flytrap,3,-1.0,5649.99,0,0.0,2025-06-29,Online,Delhi,2141.68
2322,Women,Running,Pegasus Turbo,3,0.0,8016.24,0,0.0,2025-04-07,Retail,Delhi,1333.86
2324,Women,Soccer,Mercurial Superfly,2,0.0,6274.248378378378,0.21,0.0,2025-02-27,Online,Kolkata,2640.1
2325,Men,Basketball,Zoom Freak,2,0.0,8031.83,0.56,0.0,2025-05-18,Online,Kolkata,3954.38
2326,Women,Lifestyle,Dunk Low,4,4.0,9936.94,0,0.0,2024-12-10,Retail,Kolkata,2047.65
2327,Men,Training,Flex Trainer,4,4.0,6640.67,0,0.0,2025-03-21,Retail,Delhi,3402.41
2328,Men,Lifestyle,Waffle One,6,2.0,6449.46,0.29,9158.23,2024-11-09,Online,Mumbai,39.69
2329,Men,Basketball,Kyrie Flytrap,3,4.0,4981.26,0,0.0,2025-06-05,Online,Mumbai,1833.07
2334,Women,Training,SuperRep Go,3,4.0,5628.213958333334,0.82,0.0,2024-06-06,Retail,Mumbai,-80.25
2335,Women,Running,Free RN,4,0.0,5620.64,0,0.0,2024-01-05,Online,Mumbai,217.22
2336,Kids,Soccer,Mercurial Superfly,8,4.0,8482.43,0,0.0,2023-10-22,Online,Pune,3854.71
2339,Women,Basketball,LeBron 20,3,4.0,6092.007142857143,0,0.0,2024-10-17,Retail,Kolkata,3196.02
2340,Women,Running,Free RN,7,3.0,6094.6030612244895,0.91,0.0,2024-08-07,Online,Mumbai,-425.99
2344,Kids,Training,ZoomX Invincible,10,-1.0,6594.948909090909,0.65,0.0,2025-06-20,Online,Kolkata,938.88
2349,Kids,Soccer,Tiempo Legend,10,3.0,5638.320256410257,0,0.0,2023-10-25,Online,Delhi,-902.62
2351,Men,Basketball,LeBron 20,11,3.0,4179.34,0,0.0,2024-07-29,Retail,Pune,2363.69
2353,Kids,Training,ZoomX Invincible,9,0.0,6594.948909090909,0.22,0.0,2024-10-03,Retail,Bangalore,818.35
2354,Men,Basketball,Kyrie Flytrap,3,0.0,5620.632222222222,0,0.0,2024-09-06,Online,Hyderabad,1445.09
2355,Women,Lifestyle,Waffle One,3,1.0,5619.815833333333,0,0.0,2024-07-26,Retail,Bangalore,-887.83
2358,Men,Basketball,LeBron 20,2,4.0,6092.007142857143,0,0.0,2025-02-24,Online,Pune,1819.6
2359,Men,Lifestyle,Waffle One,3,-1.0,9836.48,0.34,-6492.08,2025-02-24,Retail,Pune,-874.96
2361,Kids,Training,Flex Trainer,3,0.0,5957.5976190476185,1.06,0.0,2024-07-30,Retail,Mumbai,1302.98
2362,Women,Lifestyle,Blazer Mid,4,2.0,5995.4456451612905,1.04,0.0,2024-12-09,Online,Bangalore,3817.26
2367,Kids,Lifestyle,Dunk Low,4,4.0,6202.99,0.84,3969.91,2024-11-12,Online,Bangalore,-202.12
2369,Men,Basketball,LeBron 20,4,0.0,4248.21,0.5,0.0,2025-07-11,Online,Hyderabad,2427.86
2370,Men,Running,Pegasus Turbo,3,2.0,6047.902291666666,0,0.0,2025-02-04,Online,Delhi,867.37
2006,Women,Basketball,Zoom Freak,3,-1.0,8799.22,0,0.0,2023-08-13,Retail,Bangalore,-1109.57
2378,Women,Basketball,LeBron 20,4,-1.0,6092.007142857143,0,0.0,2024-11-04,Retail,Mumbai,2107.42
2379,Men,Lifestyle,Air Force 1,3,4.0,6194.755901639345,0,0.0,2024-04-09,Online,Mumbai,3289.77
2380,Men,Soccer,Phantom GT,2,1.0,7932.85,0,0.0,2024-12-09,Retail,Delhi,2707.27
2381,Kids,Lifestyle,Dunk Low,2,3.0,4834.65,1.02,-290.08,2024-10-12,Retail,Pune,213.96
2382,Men,Lifestyle,Waffle One,3,4.0,5619.815833333333,0,0.0,2024-03-09,Retail,Mumbai,787.42
2388,Kids,Running,Air Zoom,3,1.0,5321.46,0,0.0,2024-09-02,Retail,Bangalore,2587.26
2389,Women,Basketball,Kyrie Flytrap,4,0.0,7901.16,0.77,0.0,2024-10-08,Online,Delhi,-406.39
2390,Kids,Lifestyle,Waffle One,4,-1.0,5619.815833333333,0,0.0,2025-05-24,Online,Delhi,496.54
2002,Women,Training,ZoomX Invincible,4,4.0,6820.42,0,0.0,2024-10-03,Retail,Kolkata,3842.85
2395,Kids,Soccer,Premier III,4,1.0,5879.875,0,0.0,2025-07-08,Online,Pune,85.0
2399,Women,Running,Air Zoom,3,-1.0,6188.29,0,0.0,2024-08-07,Retail,Pune,515.6
2025,Kids,Training,ZoomX Invincible,4,4.0,6743.07,0,0.0,2024-10-09,Online,Pune,-277.41
2405,Men,Basketball,Kyrie Flytrap,6,1.0,5620.632222222222,0,0.0,2024-11-17,Online,Kolkata,69.95
2406,Men,Training,Metcon 7,3,4.0,6458.72,0,0.0,2023-09-17,Online,Mumbai,402.0
2408,Men,Soccer,Premier III,4,1.0,5879.875,0,0.0,2024-10-09,Retail,Bangalore,1731.86
2025,Men,Lifestyle,Blazer Mid,3,1.0,8903.17,0,0.0,2025-03-27,Retail,Kolkata,3808.81
2412,Kids,Lifestyle,Blazer Mid,4,1.0,4920.3,0.14,4231.46,2025-03-27,Retail,Mumbai,1135.72
2413,Men,Training,Flex Trainer,4,3.0,7005.67,0.15,17864.46,2025-03-27,Retail,Kolkata,2329.98
2415,Women,Running,Free RN,8,3.0,6178.39,0,0.0,2024-07-22,Retail,Bangalore,73.75
2416,Kids,Soccer,Mercurial Superfly,9,3.0,6245.23,1.15,-2810.35,2024-12-14,Retail,Mumbai,3485.64
2421,Women,Running,React Infinity,2,2.0,8136.39,0,0.0,2025-03-10,Retail,Pune,3398.15
2428,Kids,Basketball,Kyrie Flytrap,12,2.0,5620.632222222222,0,0.0,2024-12-07,Retail,Mumbai,427.51
2430,Women,Soccer,Tiempo Legend,12,3.0,5638.320256410257,0.1,0.0,2025-07-09,Online,Pune,215.3
2431,Women,Lifestyle,Blazer Mid,3,1.0,5995.4456451612905,0,0.0,2024-11-15,Online,Hyderabad,1627.78
2432,Women,Basketball,Zoom Freak,3,1.0,3036.61,0.86,425.13,2024-10-26,Online,Mumbai,3754.3
2434,Kids,Training,Metcon 7,2,-1.0,3019.25,0.79,-634.04,2025-02-11,Online,Hyderabad,387.15
2436,Kids,Basketball,LeBron 20,8,0.0,6092.007142857143,0.81,0.0,2024-04-01,Online,Bangalore,2213.84
2437,Women,Running,Pegasus Turbo,4,3.0,6047.902291666666,0.53,0.0,2024-07-31,Retail,Hyderabad,-281.42
2439,Men,Lifestyle,Blazer Mid,3,-1.0,3239.59,0,0.0,2025-03-03,Retail,Bangalore,3467.1
2440,Women,Basketball,Kyrie Flytrap,4,-1.0,7510.8,0,0.0,2024-11-12,Retail,Kolkata,2989.6
2443,Women,Basketball,LeBron 20,2,1.0,6271.66,0,0.0,2025-03-15,Retail,Mumbai,2449.43
2444,Women,Lifestyle,Blazer Mid,4,3.0,3676.04,0,0.0,2025-05-25,Retail,Pune,1621.74
2003,Women,Lifestyle,Waffle One,4,2.0,8516.45,0.22,13285.66,2023-09-30,Online,Kolkata,1764.52
2456,Women,Soccer,Premier III,2,0.0,4254.68,0,0.0,2025-03-15,Retail,Kolkata,3498.64
2460,Women,Basketball,Zoom Freak,4,2.0,5482.96,0.35,7127.85,2024-11-04,Online,Kolkata,-823.8
2464,Women,Lifestyle,Blazer Mid,4,3.0,2699.59,0,0.0,2024-06-30,Retail,Hyderabad,3507.56
2465,Kids,Lifestyle,Blazer Mid,7,1.0,7814.02,0,0.0,2025-03-22,Retail,Pune,684.07
2467,Kids,Training,SuperRep Go,2,1.0,8484.82,0,0.0,2023-11-05,Online,Mumbai,1899.54
2468,Women,Soccer,Phantom GT,7,0.0,6012.23,0.62,0.0,2024-10-26,Retail,Bangalore,-1113.25
2469,Men,Training,Metcon 7,4,4.0,6019.014594594595,1.08,0.0,2025-05-21,Retail,Mumbai,-279.26
2475,Men,Running,Free RN,3,2.0,6094.6030612244895,1.06,0.0,2025-01-07,Online,Bangalore,3885.97
2481,Women,Soccer,Premier III,7,1.0,9145.37,0.07,8505.19,2025-04-17,Online,Pune,1755.19
2487,Men,Running,Air Zoom,3,3.0,5881.13,0.8,3528.68,2025-03-31,Online,Hyderabad,2108.4
2488,Kids,Running,Free RN,6,4.0,6387.51,0,0.0,2025-03-31,Retail,Kolkata,300.76
2490,Women,Soccer,Premier III,3,3.0,5015.19,0.75,3761.39,2024-11-26,Online,Hyderabad,-494.53
2496,Kids,Running,React Infinity,2,2.0,4110.72,0.32,5590.58,2024-12-24,Retail,Bangalore,3894.95
2497,Kids,Basketball,Air Jordan,4,1.0,6064.126491228069,0,0.0,2023-11-29,Online,Mumbai,2592.98
2502,Women,Basketball,Kyrie Flytrap,2,0.0,5620.632222222222,0,0.0,2023-09-10,Retail,Mumbai,2412.82
2503,Women,Training,ZoomX Invincible,4,-1.0,6594.948909090909,0,0.0,2025-01-20,Online,Bangalore,-173.16
2507,Men,Soccer,Phantom GT,3,2.0,6263.1849999999995,0,0.0,2024-03-13,Retail,Hyderabad,2116.53
2508,Kids,Soccer,Premier III,4,1.0,5879.875,1.16,0.0,2024-03-13,Retail,Kolkata,1811.51
2513,Women,Basketball,Zoom Freak,4,4.0,9848.8,0,0.0,2024-10-11,Online,Pune,2764.66
2514,Kids,Basketball,Air Jordan,2,1.0,6064.126491228069,0,0.0,2025-05-26,Online,Bangalore,1790.41
2517,Men,Lifestyle,Air Force 1,7,1.0,3059.89,0,0.0,2024-01-21,Online,Hyderabad,1968.82
2521,Kids,Lifestyle,Blazer Mid,2,4.0,3645.35,0,0.0,2024-09-25,Online,Kolkata,3265.83
2522,Men,Running,Pegasus Turbo,4,4.0,6243.91,0,0.0,2024-02-13,Retail,Kolkata,-199.13
2525,Women,Training,Metcon 7,4,2.0,6019.014594594595,0,0.0,2025-02-18,Retail,Kolkata,3453.18
2526,Kids,Lifestyle,Waffle One,10,1.0,5619.815833333333,0,0.0,2024-08-01,Retail,Hyderabad,3188.07
2528,Women,Training,ZoomX Invincible,11,2.0,6594.948909090909,0,0.0,2025-06-10,Online,Delhi,134.1
2530,Women,Lifestyle,Dunk Low,2,2.0,4357.79,0,0.0,2025-02-27,Retail,Mumbai,3936.13
2535,Men,Soccer,Tiempo Legend,4,2.0,2786.84,0.21,4403.21,2025-01-25,Online,Mumbai,3345.36
2547,Women,Soccer,Mercurial Superfly,2,1.0,3068.13,0,0.0,2025-07-08,Retail,Kolkata,-586.29
2550,Men,Soccer,Premier III,4,1.0,6121.21,0.05,5815.15,2023-09-08,Online,Kolkata,2470.08
2552,Women,Soccer,Premier III,10,1.0,5879.875,0.41,0.0,2025-05-03,Retail,Hyderabad,3389.34
2554,Women,Training,Flex Trainer,2,1.0,6755.56,0,0.0,2025-01-13,Retail,Bangalore,1002.19
2556,Kids,Lifestyle,Air Force 1,10,1.0,6194.755901639345,0,0.0,2025-01-13,Retail,Kolkata,1327.26
2557,Men,Basketball,LeBron 20,2,3.0,6092.007142857143,0,0.0,2024-11-09,Retail,Kolkata,1115.74
2558,Kids,Basketball,Kyrie Flytrap,3,-1.0,3134.87,0,0.0,2024-11-09,Online,Mumbai,-1077.81
2559,Men,Lifestyle,Air Force 1,7,3.0,6011.84,0,0.0,2025-02-10,Online,Kolkata,-99.73
2560,Kids,Basketball,Zoom Freak,2,2.0,6748.174761904761,0,0.0,2025-01-16,Retail,Delhi,3493.16
2562,Kids,Training,ZoomX Invincible,3,1.0,6594.948909090909,0,0.0,2024-12-21,Retail,Mumbai,-79.1
2563,Men,Soccer,Mercurial Superfly,2,2.0,9443.35,0.54,8687.88,2025-04-13,Retail,Kolkata,2706.61
2565,Women,Lifestyle,Dunk Low,4,4.0,3028.41,0,0.0,2024-09-18,Online,Mumbai,1754.48
2567,Women,Running,Air Zoom,2,3.0,5842.576458333334,0,0.0,2024-09-15,Online,Pune,1162.3
2569,Women,Basketball,Air Jordan,3,2.0,9605.11,0.88,2305.23,2024-08-24,Online,Hyderabad,128.89
2572,Men,Lifestyle,Waffle One,4,-1.0,2729.99,0.76,-655.2,2024-01-31,Retail,Pune,1204.81
2575,Men,Training,Metcon 7,4,2.0,3582.67,0,0.0,2025-07-03,Online,Hyderabad,1982.16
2577,Women,Running,Air Zoom,3,-1.0,5545.52,0,0.0,2023-11-16,Retail,Mumbai,1185.56
2578,Men,Lifestyle,Blazer Mid,9,2.0,5995.4456451612905,0,0.0,2025-05-10,Retail,Bangalore,3550.0
2579,Kids,Lifestyle,Dunk Low,7,3.0,9541.83,0,0.0,2024-07-26,Online,Delhi,589.3
2580,Kids,Training,Flex Trainer,2,1.0,2749.79,0,0.0,2024-12-06,Retail,Kolkata,2978.85
2581,Kids,Running,Free RN,10,0.0,6094.6030612244895,0.53,0.0,2024-10-30,Online,Mumbai,800.45
2584,Kids,Running,React Infinity,2,0.0,6447.061224489796,0,0.0,2024-09-03,Retail,Hyderabad,-123.93
2587,Women,Running,React Infinity,6,4.0,6447.061224489796,0.37,0.0,2024-11-24,Online,Bangalore,-480.01
2589,Men,Training,Metcon 7,2,3.0,6019.014594594595,0,0.0,2024-09-17,Online,Kolkata,1429.18
2594,Women,Training,ZoomX Invincible,4,3.0,7944.34,0.67,7864.9,2024-02-23,Retail,Hyderabad,1534.91
2595,Men,Basketball,LeBron 20,4,0.0,6092.007142857143,0,0.0,2024-02-23,Retail,Delhi,420.27
2030,Men,Soccer,Mercurial Superfly,2,-1.0,6274.248378378378,0.7,0.0,2025-03-15,Online,Pune,-1193.55
2599,Kids,Training,Flex Trainer,12,4.0,5957.5976190476185,0,0.0,2024-12-06,Retail,Hyderabad,-562.31
2600,Kids,Lifestyle,Air Force 1,2,3.0,6194.755901639345,0,0.0,2024-11-04,Online,Pune,803.62
2601,Women,Soccer,Tiempo Legend,4,1.0,5638.320256410257,0,0.0,2024-09-27,Retail,Delhi,3739.4
2602,Kids,Running,Free RN,4,2.0,3518.53,0,0.0,2024-11-17,Online,Pune,3494.88
2603,Women,Running,Air Zoom,3,0.0,5842.576458333334,0,0.0,2025-03-18,Online,Hyderabad,-144.08
2608,Women,Lifestyle,Waffle One,3,2.0,5619.815833333333,0,0.0,2023-08-31,Online,Kolkata,354.67
2033,Kids,Soccer,Mercurial Superfly,2,4.0,6274.248378378378,0,0.0,2025-05-06,Retail,Pune,2310.9
2612,Women,Training,Flex Trainer,2,0.0,5957.5976190476185,0,0.0,2023-08-10,Retail,Mumbai,507.1
2613,Women,Lifestyle,Waffle One,7,3.0,4374.83,0.27,9580.88,2023-08-10,Retail,Delhi,1473.37
2615,Women,Soccer,Phantom GT,4,3.0,3042.37,0.12,8031.86,2025-03-24,Online,Pune,2105.48
2617,Kids,Soccer,Premier III,4,0.0,5879.875,0,0.0,2024-06-07,Online,Delhi,2772.05
2619,Kids,Lifestyle,Waffle One,3,4.0,5619.815833333333,0.65,0.0,2024-01-22,Online,Hyderabad,-300.28
2620,Kids,Training,Flex Trainer,4,0.0,5957.5976190476185,0,0.0,2024-01-22,Online,Hyderabad,3874.67
2621,Kids,Soccer,Phantom GT,3,3.0,6466.57,0.59,7953.88,2024-05-19,Online,Bangalore,-1152.86
2624,Men,Lifestyle,Blazer Mid,4,0.0,5995.4456451612905,0,0.0,2025-04-08,Retail,Bangalore,2085.94
2625,Kids,Training,Flex Trainer,2,-1.0,6815.44,0,0.0,2025-02-05,Online,Pune,3874.57
2628,Kids,Basketball,Kyrie Flytrap,3,4.0,5620.632222222222,0.44,0.0,2025-06-29,Retail,Pune,-348.88
2632,Men,Running,Pegasus Turbo,3,-1.0,7504.2,0.99,-75.04,2024-03-10,Online,Pune,2413.42
2633,Kids,Basketball,Air Jordan,10,0.0,6064.126491228069,0.71,0.0,2025-06-13,Online,Bangalore,3634.35
2638,Men,Soccer,Premier III,8,1.0,5028.99,0,0.0,2024-01-22,Online,Pune,654.11
2640,Kids,Training,ZoomX Invincible,9,2.0,7900.02,0,0.0,2024-08-02,Online,Bangalore,861.92
2644,Men,Training,SuperRep Go,2,1.0,2640.04,0,0.0,2025-04-17,Retail,Bangalore,1466.96
2022,Kids,Training,ZoomX Invincible,3,3.0,6594.948909090909,0,0.0,2024-11-27,Retail,Mumbai,689.62
2646,Men,Soccer,Premier III,4,1.0,5879.875,0.89,0.0,2024-10-20,Retail,Kolkata,2676.52
2651,Kids,Basketball,Air Jordan,3,1.0,6064.126491228069,0,0.0,2024-10-27,Online,Kolkata,-819.33
2656,Women,Soccer,Premier III,2,1.0,5246.43,0,0.0,2024-07-21,Retail,Bangalore,1891.48
2657,Kids,Running,Air Zoom,2,4.0,5842.576458333334,0,0.0,2025-04-07,Online,Delhi,494.45
2658,Women,Lifestyle,Dunk Low,3,1.0,6179.874130434783,0,0.0,2025-04-26,Online,Delhi,155.53
2662,Kids,Training,SuperRep Go,2,0.0,5628.213958333334,0,0.0,2024-11-01,Online,Delhi,2104.46
2663,Kids,Training,Metcon 7,3,2.0,6019.014594594595,0.43,0.0,2025-06-17,Retail,Delhi,3174.81
2664,Kids,Running,Pegasus Turbo,3,2.0,9103.08,0,0.0,2024-12-11,Online,Mumbai,1726.8
2667,Women,Lifestyle,Air Force 1,4,3.0,9367.66,0,0.0,2025-03-23,Online,Delhi,-623.95
2027,Men,Soccer,Premier III,12,4.0,7204.01,0,0.0,2025-06-15,Retail,Delhi,3951.42
2672,Women,Lifestyle,Air Force 1,4,2.0,6194.755901639345,0,0.0,2024-08-04,Online,Mumbai,67.58
2674,Women,Lifestyle,Waffle One,7,-1.0,4784.45,0,0.0,2025-01-25,Online,Pune,3357.12
2675,Women,Soccer,Premier III,12,3.0,5879.875,0,0.0,2025-04-04,Online,Hyderabad,2731.71
2677,Men,Lifestyle,Air Force 1,2,2.0,5618.62,0,0.0,2025-05-13,Retail,Bangalore,1745.96
2682,Men,Basketball,LeBron 20,4,4.0,6092.007142857143,0.41,0.0,2024-08-28,Retail,Pune,3614.76
2683,Kids,Lifestyle,Dunk Low,4,1.0,6179.874130434783,0,0.0,2025-06-12,Online,Mumbai,1119.71
2684,Men,Lifestyle,Blazer Mid,3,0.0,5995.4456451612905,0.73,0.0,2025-04-11,Retail,Mumbai,1556.61
2685,Kids,Lifestyle,Dunk Low,2,4.0,6179.874130434783,0,0.0,2025-05-22,Retail,Hyderabad,1377.72
2687,Women,Lifestyle,Waffle One,8,-1.0,2381.94,0,0.0,2024-09-30,Retail,Delhi,1457.93
2695,Men,Basketball,Air Jordan,3,-1.0,6064.126491228069,0,0.0,2024-10-12,Online,Hyderabad,3234.28
2697,Men,Basketball,Air Jordan,2,-1.0,6064.126491228069,0.09,0.0,2025-06-25,Online,Delhi,681.86
2699,Men,Lifestyle,Dunk Low,4,0.0,6179.874130434783,0,0.0,2025-02-21,Online,Mumbai,1052.65
2700,Kids,Training,Metcon 7,4,0.0,6019.014594594595,0.48,0.0,2025-07-11,Retail,Bangalore,1423.83
2702,Men,Basketball,Kyrie Flytrap,4,0.0,5620.632222222222,0,0.0,2024-12-16,Online,Pune,687.32
2706,Women,Training,ZoomX Invincible,4,0.0,6594.948909090909,0,0.0,2025-05-08,Retail,Kolkata,3153.1
2709,Kids,Running,Free RN,10,1.0,6302.98,0.48,3277.55,2025-03-08,Retail,Delhi,2835.93
2710,Women,Lifestyle,Blazer Mid,2,2.0,4669.75,0,0.0,2025-03-08,Retail,Bangalore,-987.12
2711,Men,Soccer,Mercurial Superfly,7,2.0,6274.248378378378,0,0.0,2025-03-08,Online,Delhi,756.18
2713,Men,Lifestyle,Air Force 1,3,1.0,7877.36,0.55,3544.81,2025-05-10,Retail,Kolkata,3663.49
2715,Kids,Basketball,LeBron 20,3,0.0,6092.007142857143,1.07,0.0,2025-06-13,Online,Kolkata,-1164.37
2716,Kids,Training,SuperRep Go,2,0.0,4830.96,0,0.0,2024-11-17,Online,Pune,1344.73
2717,Men,Running,Free RN,2,0.0,9473.09,0,0.0,2024-11-17,Online,Delhi,3055.36
2721,Kids,Training,Flex Trainer,3,0.0,5957.5976190476185,0,0.0,2023-11-11,Online,Bangalore,1275.23
2722,Women,Lifestyle,Dunk Low,3,0.0,6179.874130434783,0.09,0.0,2024-09-30,Online,Kolkata,818.65
2731,Kids,Lifestyle,Dunk Low,2,3.0,6179.874130434783,0,0.0,2025-03-28,Online,Kolkata,3961.27
2732,Women,Training,SuperRep Go,2,0.0,3402.8,0,0.0,2025-03-01,Online,Hyderabad,1045.5
2738,Women,Training,ZoomX Invincible,2,3.0,6594.948909090909,0.39,0.0,2025-05-11,Retail,Pune,-712.53
2739,Kids,Running,Free RN,3,2.0,6094.6030612244895,0.26,0.0,2025-02-04,Online,Kolkata,2350.69
2740,Women,Lifestyle,Air Force 1,4,1.0,4922.19,0,0.0,2025-02-04,Retail,Bangalore,3820.48
2003,Women,Training,ZoomX Invincible,4,4.0,7850.87,1.02,-628.07,2025-04-01,Online,Kolkata,992.14
2745,Men,Soccer,Phantom GT,4,-1.0,6263.1849999999995,0.94,0.0,2024-12-31,Retail,Hyderabad,501.65
2746,Women,Basketball,Air Jordan,3,-1.0,9795.69,0,0.0,2024-09-21,Online,Mumbai,1044.46
2747,Men,Soccer,Tiempo Legend,4,4.0,2483.97,0,0.0,2024-09-21,Online,Delhi,-609.36
2754,Kids,Training,ZoomX Invincible,4,1.0,6594.948909090909,0,0.0,2025-01-03,Online,Kolkata,3565.12
2755,Men,Running,React Infinity,2,3.0,8574.0,0,0.0,2024-12-24,Online,Bangalore,161.95
2761,Kids,Soccer,Premier III,2,4.0,5879.875,0,0.0,2025-05-28,Retail,Delhi,2588.03
2762,Women,Running,Pegasus Turbo,3,2.0,6047.902291666666,0,0.0,2025-05-28,Retail,Mumbai,-355.55
2763,Women,Soccer,Phantom GT,10,4.0,3328.58,0,0.0,2024-07-31,Online,Pune,-763.34
2773,Women,Training,ZoomX Invincible,2,1.0,5045.62,1.21,-1059.58,2025-04-02,Online,Hyderabad,1191.02
2778,Kids,Soccer,Phantom GT,11,0.0,4462.26,0,0.0,2025-06-20,Online,Hyderabad,1006.73
2780,Men,Training,Metcon 7,6,1.0,4308.75,0.32,2929.95,2024-12-06,Online,Hyderabad,799.35
2781,Men,Training,Metcon 7,12,1.0,6546.59,0.68,2094.91,2023-09-03,Retail,Bangalore,1504.31
2785,Women,Lifestyle,Blazer Mid,3,2.0,5995.4456451612905,0,0.0,2024-10-20,Retail,Hyderabad,-834.71
2787,Kids,Training,Metcon 7,12,3.0,3440.88,0,0.0,2024-08-31,Online,Pune,22.93
2792,Kids,Lifestyle,Waffle One,3,-1.0,4338.16,0,0.0,2025-05-08,Online,Kolkata,-328.05
2793,Men,Running,Pegasus Turbo,4,0.0,6047.902291666666,0,0.0,2024-10-12,Retail,Bangalore,922.24
2795,Women,Running,React Infinity,3,0.0,6447.061224489796,0,0.0,2024-10-12,Retail,Delhi,-615.37
2796,Men,Lifestyle,Dunk Low,12,-1.0,2849.49,0,0.0,2023-11-08,Retail,Mumbai,2597.58
2800,Women,Running,React Infinity,6,0.0,8737.08,0.9,0.0,2025-03-13,Online,Delhi,1737.0
2801,Women,Running,React Infinity,8,2.0,6447.061224489796,0,0.0,2024-02-13,Retail,Mumbai,2966.12
2802,Men,Running,Free RN,3,3.0,6094.6030612244895,0,0.0,2024-01-19,Online,Kolkata,-231.73
2803,Women,Soccer,Mercurial Superfly,4,0.0,6274.248378378378,0,0.0,2023-11-02,Online,Hyderabad,83.11
2804,Kids,Running,Pegasus Turbo,4,-1.0,6047.902291666666,0,0.0,2023-11-02,Online,Hyderabad,2270.96
2805,Women,Running,Pegasus Turbo,3,-1.0,6047.902291666666,0.82,0.0,2023-08-28,Online,Pune,2037.76
2806,Kids,Basketball,Kyrie Flytrap,7,3.0,4466.78,0,0.0,2024-02-10,Online,Bangalore,2407.08
2807,Kids,Training,ZoomX Invincible,3,2.0,6594.948909090909,0,0.0,2024-10-01,Online,Hyderabad,875.36
2808,Women,Running,Pegasus Turbo,3,0.0,7810.49,0,0.0,2024-10-01,Online,Bangalore,-65.85
2810,Men,Running,Air Zoom,7,2.0,2943.44,0.53,2766.83,2024-10-01,Retail,Hyderabad,405.67
2811,Men,Basketball,Zoom Freak,8,3.0,9153.02,0,0.0,2025-01-24,Retail,Bangalore,-77.61
2813,Men,Running,Free RN,2,4.0,7450.8,0,0.0,2024-08-08,Online,Bangalore,2098.29
2814,Kids,Running,React Infinity,2,0.0,6447.061224489796,0,0.0,2024-10-07,Online,Delhi,1702.06
2815,Kids,Training,Flex Trainer,3,0.0,5957.5976190476185,1.16,0.0,2024-10-07,Online,Kolkata,3281.98
2816,Men,Basketball,LeBron 20,2,3.0,5983.35,0,0.0,2025-01-22,Retail,Hyderabad,916.13
2032,Women,Soccer,Mercurial Superfly,10,2.0,6274.248378378378,0.96,0.0,2024-10-16,Online,Kolkata,-596.41
2820,Women,Lifestyle,Blazer Mid,2,4.0,8659.15,0,0.0,2024-08-05,Online,Mumbai,2078.39
2823,Men,Soccer,Mercurial Superfly,3,1.0,6274.248378378378,0,0.0,2024-07-27,Retail,Mumbai,-1125.91
2824,Men,Basketball,Air Jordan,3,4.0,5123.35,0,0.0,2024-11-02,Online,Mumbai,1620.37
2826,Kids,Lifestyle,Blazer Mid,2,2.0,5995.4456451612905,0.01,0.0,2024-11-02,Retail,Bangalore,262.81
2827,Men,Basketball,Air Jordan,3,0.0,4278.28,1.17,0.0,2025-01-27,Retail,Hyderabad,860.32
2831,Women,Training,SuperRep Go,7,4.0,5628.213958333334,0,0.0,2024-11-10,Online,Mumbai,3134.87
2833,Women,Training,Flex Trainer,4,4.0,2224.9,0,0.0,2025-01-19,Online,Pune,-16.04
2834,Kids,Training,Flex Trainer,2,-1.0,9544.08,0,0.0,2024-09-05,Retail,Kolkata,575.58
2836,Men,Basketball,Kyrie Flytrap,3,0.0,9098.9,0.75,0.0,2025-07-22,Retail,Delhi,2729.87
2838,Women,Basketball,Air Jordan,4,4.0,8605.73,0,0.0,2025-01-08,Retail,Pune,-990.99
2050,Women,Lifestyle,Blazer Mid,3,-1.0,5995.4456451612905,0,0.0,2024-11-28,Online,Kolkata,3407.87
2841,Men,Basketball,LeBron 20,2,1.0,4166.94,0,0.0,2024-11-28,Online,Delhi,2865.93
2842,Women,Soccer,Phantom GT,2,-1.0,6263.1849999999995,0,0.0,2025-01-19,Online,Bangalore,-1193.98
2847,Men,Training,Metcon 7,4,0.0,6019.014594594595,0.16,0.0,2024-11-16,Online,Bangalore,3988.85
2850,Kids,Lifestyle,Waffle One,4,2.0,5619.815833333333,0,0.0,2024-11-10,Retail,Pune,458.86
2860,Kids,Lifestyle,Air Force 1,4,-1.0,7568.04,0,0.0,2025-04-07,Retail,Hyderabad,1365.3
2861,Kids,Training,ZoomX Invincible,4,0.0,6594.948909090909,0,0.0,2025-04-20,Online,Pune,650.99
2862,Kids,Soccer,Phantom GT,9,4.0,7940.29,1.02,-635.22,2024-11-11,Retail,Delhi,1803.25
2866,Kids,Training,SuperRep Go,11,2.0,5628.213958333334,0,0.0,2025-01-09,Online,Pune,273.28
2867,Men,Soccer,Mercurial Superfly,11,1.0,9936.58,0,0.0,2025-02-20,Online,Hyderabad,3190.43
2869,Kids,Soccer,Premier III,2,4.0,5879.875,0,0.0,2024-07-26,Online,Pune,1550.3
2870,Kids,Training,Metcon 7,2,1.0,9633.68,0,0.0,2024-10-05,Retail,Delhi,771.96
2871,Men,Training,Flex Trainer,2,1.0,2294.09,0,0.0,2025-07-22,Retail,Bangalore,1002.21
2875,Women,Lifestyle,Dunk Low,3,4.0,7401.53,0,0.0,2024-09-16,Retail,Bangalore,1559.28
2880,Kids,Basketball,Air Jordan,9,0.0,8132.33,0.63,0.0,2025-05-19,Retail,Delhi,191.67
2050,Kids,Basketball,Zoom Freak,6,3.0,6748.174761904761,0,0.0,2025-06-30,Retail,Kolkata,-1000.03
2882,Men,Training,Metcon 7,9,2.0,6019.014594594595,0.9,0.0,2025-06-30,Retail,Kolkata,-127.44
2885,Women,Lifestyle,Blazer Mid,4,0.0,7671.31,0,0.0,2025-05-10,Retail,Kolkata,3394.27
2886,Kids,Running,Free RN,4,0.0,8164.32,0.94,0.0,2024-08-19,Retail,Pune,286.3
2892,Women,Running,Free RN,2,4.0,6094.6030612244895,0,0.0,2024-11-24,Online,Bangalore,-1195.79
2893,Women,Running,React Infinity,10,1.0,6447.061224489796,0.61,0.0,2025-04-01,Retail,Delhi,780.43
2898,Women,Running,Free RN,6,1.0,6094.6030612244895,0,0.0,2025-02-15,Retail,Kolkata,-744.45
2899,Men,Basketball,LeBron 20,3,3.0,6531.36,0,0.0,2025-05-17,Online,Mumbai,-91.78
2006,Men,Lifestyle,Waffle One,4,2.0,5619.815833333333,0,0.0,2023-09-26,Retail,Mumbai,-716.79
2904,Women,Soccer,Tiempo Legend,9,2.0,8644.67,0.54,7953.1,2025-04-29,Online,Bangalore,2711.75
2906,Women,Lifestyle,Waffle One,7,1.0,5619.815833333333,0,0.0,2024-08-25,Retail,Delhi,-291.45
2912,Kids,Running,React Infinity,4,2.0,9839.63,0.98,393.59,2024-03-07,Online,Bangalore,1218.22
2915,Men,Basketball,Kyrie Flytrap,4,1.0,4994.83,0,0.0,2025-03-25,Retail,Mumbai,629.34
2920,Kids,Soccer,Mercurial Superfly,9,2.0,5891.32,1.18,-2120.88,2025-04-01,Retail,Kolkata,345.7
2922,Kids,Soccer,Tiempo Legend,4,2.0,5638.320256410257,1.2,0.0,2025-01-16,Online,Kolkata,3495.67
2006,Men,Lifestyle,Waffle One,4,4.0,6064.42,0,0.0,2025-01-16,Online,Hyderabad,2936.55
2928,Women,Lifestyle,Waffle One,6,3.0,5619.815833333333,0,0.0,2024-09-07,Online,Delhi,-1064.86
2932,Kids,Running,Air Zoom,12,0.0,5842.576458333334,0.35,0.0,2025-03-01,Online,Bangalore,-427.86
2934,Women,Basketball,LeBron 20,4,-1.0,2370.91,0,0.0,2024-03-14,Online,Mumbai,3043.95
2935,Men,Lifestyle,Dunk Low,3,4.0,6179.874130434783,0,0.0,2024-05-13,Online,Hyderabad,478.07
2936,Women,Training,Flex Trainer,4,1.0,6496.58,0.29,4612.57,2024-07-31,Retail,Pune,1933.1
2938,Kids,Soccer,Phantom GT,3,1.0,6263.1849999999995,0,0.0,2025-01-14,Online,Delhi,2596.64
2939,Women,Basketball,Air Jordan,4,4.0,6858.76,0,0.0,2025-01-14,Retail,Mumbai,639.03
2940,Women,Soccer,Premier III,3,-1.0,8412.43,0,0.0,2025-05-06,Retail,Hyderabad,-344.67
2941,Men,Lifestyle,Blazer Mid,4,-1.0,9331.65,0,0.0,2025-05-02,Retail,Kolkata,492.35
2942,Women,Training,Flex Trainer,10,4.0,5222.39,0.57,8982.51,2025-04-16,Online,Bangalore,-68.53
2943,Women,Training,SuperRep Go,7,-1.0,3390.0,0,0.0,2024-10-09,Retail,Mumbai,-429.78
2945,Kids,Basketball,LeBron 20,4,-1.0,3519.94,0,0.0,2024-10-06,Online,Mumbai,3456.5
2948,Men,Basketball,Kyrie Flytrap,6,0.0,5620.632222222222,0.16,0.0,2025-04-19,Online,Kolkata,1708.88
2036,Women,Soccer,Premier III,4,2.0,5879.875,0.76,0.0,2025-07-05,Online,Mumbai,2469.75
2049,Men,Training,Metcon 7,2,2.0,6019.014594594595,1.08,0.0,2024-12-04,Online,Bangalore,-400.59
2954,Women,Training,Flex Trainer,3,-1.0,4709.79,0,0.0,2024-12-04,Retail,Pune,3397.29
2962,Women,Lifestyle,Air Force 1,9,-1.0,2446.23,0,0.0,2024-11-21,Online,Hyderabad,727.92
2966,Kids,Training,Flex Trainer,8,3.0,5957.5976190476185,0,0.0,2025-02-27,Online,Pune,333.36
2975,Kids,Soccer,Mercurial Superfly,10,1.0,5037.43,0,0.0,2024-11-10,Online,Delhi,3279.17
2977,Kids,Training,ZoomX Invincible,8,3.0,2959.26,0.37,5593.0,2024-08-08,Online,Kolkata,-821.76
2980,Women,Running,React Infinity,3,4.0,8899.81,0,0.0,2025-04-14,Retail,Bangalore,3075.35
2981,Kids,Soccer,Premier III,2,4.0,5185.52,0,0.0,2025-01-10,Retail,Pune,2777.67
2989,Men,Soccer,Mercurial Superfly,2,1.0,6429.61,0,0.0,2024-02-14,Online,Bangalore,2459.52
2993,Men,Soccer,Premier III,2,4.0,5879.875,0,0.0,2024-10-13,Retail,Hyderabad,1770.74
2043,Women,Lifestyle,Waffle One,3,-1.0,5619.815833333333,0,0.0,2024-10-13,Retail,Mumbai,497.69
3000,Kids,Running,Free RN,2,1.0,6094.6030612244895,0,0.0,2025-06-05,Retail,Mumbai,-1110.62
3003,Men,Basketball,Zoom Freak,4,2.0,6748.174761904761,0,0.0,2023-08-03,Online,Bangalore,-646.26
3004,Men,Training,ZoomX Invincible,4,2.0,6897.68,0,0.0,2023-08-03,Retail,Pune,2708.1
3006,Kids,Lifestyle,Blazer Mid,8,4.0,5995.4456451612905,0.89,0.0,2025-04-23,Online,Pune,1932.88
3007,Women,Soccer,Tiempo Legend,12,1.0,7680.16,1.23,-1766.44,2025-05-30,Online,Bangalore,-1076.72
3011,Women,Running,Pegasus Turbo,7,1.0,6047.902291666666,0.5,0.0,2025-05-05,Retail,Hyderabad,3074.24
3012,Men,Lifestyle,Blazer Mid,3,2.0,3758.51,0,0.0,2025-05-05,Retail,Hyderabad,94.77
3013,Kids,Basketball,Zoom Freak,4,4.0,6748.174761904761,0.96,0.0,2025-06-16,Retail,Kolkata,1039.09
3016,Women,Running,Air Zoom,2,0.0,8931.44,0,0.0,2024-08-31,Retail,Bangalore,868.59
3020,Kids,Lifestyle,Dunk Low,3,1.0,6153.37,0,0.0,2023-12-19,Retail,Hyderabad,493.35
3021,Women,Soccer,Mercurial Superfly,6,4.0,6274.248378378378,0.42,0.0,2023-09-21,Retail,Hyderabad,3050.7
3022,Kids,Training,ZoomX Invincible,3,-1.0,4318.48,0,0.0,2025-05-14,Online,Delhi,271.37
3025,Kids,Lifestyle,Blazer Mid,3,4.0,5995.4456451612905,0,0.0,2024-08-25,Retail,Hyderabad,3005.88
3027,Women,Training,SuperRep Go,3,2.0,9593.27,0,0.0,2024-10-25,Retail,Delhi,-1038.79
3028,Kids,Running,Air Zoom,3,4.0,5837.53,0,0.0,2025-01-29,Retail,Kolkata,-471.86
3031,Kids,Soccer,Premier III,2,4.0,8588.14,0,0.0,2023-10-11,Online,Kolkata,-117.68
3032,Men,Running,React Infinity,4,0.0,6447.061224489796,0,0.0,2025-01-16,Online,Mumbai,450.75
3034,Men,Soccer,Premier III,2,2.0,5879.875,0.79,0.0,2024-11-21,Online,Pune,460.06
3035,Kids,Training,Flex Trainer,12,4.0,9625.47,0,0.0,2024-11-21,Retail,Hyderabad,-419.24
3036,Kids,Lifestyle,Dunk Low,11,2.0,2879.09,0,0.0,2024-10-15,Retail,Hyderabad,1129.11
3038,Kids,Lifestyle,Air Force 1,2,0.0,4195.03,0,0.0,2025-01-27,Retail,Delhi,1068.18
3042,Men,Lifestyle,Air Force 1,2,1.0,6194.755901639345,0,0.0,2025-01-03,Online,Delhi,3750.11
3043,Men,Running,React Infinity,3,2.0,6447.061224489796,0,0.0,2025-04-11,Retail,Delhi,147.79
3044,Kids,Lifestyle,Air Force 1,7,3.0,4222.2,0,0.0,2025-04-11,Retail,Hyderabad,931.4
3045,Kids,Soccer,Premier III,4,1.0,2196.2,0,0.0,2025-04-11,Retail,Bangalore,3809.54
3048,Women,Lifestyle,Waffle One,6,1.0,5619.815833333333,0.23,0.0,2025-07-17,Retail,Hyderabad,517.17
3058,Men,Soccer,Phantom GT,2,-1.0,8048.66,0,0.0,2023-08-01,Retail,Kolkata,3860.59
3059,Women,Running,React Infinity,3,3.0,6447.061224489796,1.0,0.0,2025-06-19,Online,Hyderabad,3692.43
3063,Kids,Running,Air Zoom,2,2.0,9676.61,0,0.0,2025-04-20,Online,Mumbai,3674.74
3067,Men,Lifestyle,Blazer Mid,9,4.0,5995.4456451612905,0,0.0,2024-03-05,Retail,Hyderabad,1939.56
3068,Kids,Lifestyle,Air Force 1,3,4.0,4867.07,1.21,-4088.34,2025-05-25,Online,Delhi,2863.56
3069,Men,Training,Metcon 7,3,1.0,6019.014594594595,1.23,0.0,2025-04-13,Online,Hyderabad,-6.91
3078,Men,Running,Free RN,2,1.0,2555.18,0,0.0,2024-09-14,Online,Delhi,1820.38
3080,Kids,Running,Air Zoom,3,4.0,3317.71,0,0.0,2024-01-10,Online,Hyderabad,-198.0
3082,Men,Training,Metcon 7,3,-1.0,6019.014594594595,0,0.0,2024-08-11,Online,Delhi,-65.96
3086,Kids,Basketball,Kyrie Flytrap,9,-1.0,5620.632222222222,1.2,0.0,2024-08-29,Retail,Bangalore,-592.41
3087,Kids,Lifestyle,Waffle One,2,3.0,2765.77,0,0.0,2025-01-08,Retail,Bangalore,2785.94
3088,Kids,Training,ZoomX Invincible,4,3.0,6594.948909090909,0,0.0,2025-01-08,Online,Delhi,2418.74
3093,Women,Soccer,Tiempo Legend,10,3.0,5638.320256410257,0,0.0,2025-06-29,Retail,Kolkata,28.77
3100,Women,Training,ZoomX Invincible,7,4.0,6594.948909090909,0.97,0.0,2025-06-30,Retail,Mumbai,1861.15
2021,Men,Lifestyle,Blazer Mid,8,3.0,3723.21,0,0.0,2025-06-22,Online,Bangalore,-1133.4
3104,Men,Running,Free RN,3,0.0,7734.26,0.47,0.0,2025-02-09,Online,Bangalore,1921.82
3105,Women,Soccer,Phantom GT,3,4.0,6263.1849999999995,0.57,0.0,2024-11-30,Online,Pune,3176.71
3108,Kids,Soccer,Phantom GT,2,-1.0,6263.1849999999995,0.38,0.0,2024-12-16,Online,Mumbai,1350.25
3111,Women,Basketball,Air Jordan,4,3.0,6064.126491228069,0,0.0,2024-10-13,Retail,Hyderabad,2732.23
3112,Men,Basketball,Kyrie Flytrap,3,1.0,5620.632222222222,0.49,0.0,2024-10-13,Retail,Delhi,-532.65
3114,Women,Running,React Infinity,3,1.0,7627.37,0,0.0,2025-03-27,Retail,Bangalore,2752.18
3115,Men,Running,React Infinity,6,4.0,6447.061224489796,0,0.0,2025-03-27,Retail,Delhi,693.29
3116,Kids,Basketball,Zoom Freak,2,3.0,6748.174761904761,0.06,0.0,2024-11-21,Retail,Kolkata,-236.15
3122,Women,Basketball,Air Jordan,8,1.0,5835.6,1.04,-233.42,2025-03-06,Online,Kolkata,-1197.6
3125,Kids,Soccer,Phantom GT,4,2.0,6263.1849999999995,0.7,0.0,2025-03-10,Online,Bangalore,1561.59
3127,Men,Training,ZoomX Invincible,4,1.0,4614.33,0.47,2445.59,2024-10-07,Online,Pune,-440.44
3135,Women,Soccer,Mercurial Superfly,4,3.0,4009.47,1.21,-2525.97,2024-08-28,Online,Pune,2434.87
3141,Women,Training,ZoomX Invincible,11,-1.0,6594.948909090909,0,0.0,2023-11-19,Retail,Kolkata,-734.72
3143,Men,Training,Flex Trainer,7,3.0,3938.59,0.98,236.32,2024-08-23,Online,Mumbai,635.39
3146,Women,Soccer,Premier III,4,1.0,5879.875,0,0.0,2024-12-29,Retail,Hyderabad,1087.27
3148,Kids,Soccer,Tiempo Legend,8,3.0,5638.320256410257,0,0.0,2025-03-13,Retail,Bangalore,1125.29
3154,Kids,Running,Free RN,3,2.0,6094.6030612244895,0.95,0.0,2025-04-21,Online,Delhi,-1100.45
3158,Kids,Lifestyle,Air Force 1,12,2.0,6194.755901639345,0,0.0,2025-01-11,Online,Pune,324.37
3159,Women,Running,Air Zoom,10,-1.0,5842.576458333334,0,0.0,2025-04-08,Retail,Pune,2494.21
3162,Men,Soccer,Tiempo Legend,4,2.0,5638.320256410257,0,0.0,2024-02-24,Online,Pune,1686.78
3165,Women,Soccer,Phantom GT,4,2.0,2530.29,0.29,3593.01,2025-02-17,Online,Kolkata,3264.03
3168,Women,Lifestyle,Air Force 1,7,2.0,6125.15,0,0.0,2025-02-28,Retail,Delhi,61.83
3172,Men,Training,Metcon 7,9,-1.0,6019.014594594595,0.39,0.0,2023-11-14,Retail,Pune,1877.19
3175,Women,Lifestyle,Dunk Low,10,-1.0,6583.76,0.71,-1909.29,2024-12-09,Retail,Mumbai,2194.69
3177,Kids,Lifestyle,Air Force 1,3,3.0,7042.12,0.89,2323.9,2025-01-20,Online,Mumbai,-411.55
3181,Women,Running,Air Zoom,4,1.0,5842.576458333334,0,0.0,2025-03-05,Retail,Delhi,2808.0
3183,Kids,Soccer,Phantom GT,4,2.0,8074.82,0,0.0,2025-03-05,Retail,Mumbai,2968.78
3189,Men,Basketball,LeBron 20,3,3.0,6730.48,0.33,13528.26,2025-02-08,Online,Kolkata,1456.87
3191,Kids,Soccer,Mercurial Superfly,3,4.0,6274.248378378378,0,0.0,2025-02-04,Retail,Pune,2709.18
3192,Kids,Running,Free RN,2,1.0,6094.6030612244895,0,0.0,2025-03-16,Online,Pune,2055.67
3194,Kids,Training,SuperRep Go,2,-1.0,5628.213958333334,0,0.0,2023-10-21,Online,Hyderabad,896.94
3196,Women,Training,ZoomX Invincible,11,1.0,6594.948909090909,0,0.0,2025-03-09,Retail,Kolkata,425.5
3197,Men,Training,Metcon 7,2,-1.0,6019.014594594595,0,0.0,2025-03-09,Online,Delhi,751.76
3206,Kids,Basketball,Kyrie Flytrap,3,-1.0,4694.72,0.58,-1971.78,2024-03-25,Retail,Bangalore,3611.24
3210,Women,Training,SuperRep Go,2,4.0,6344.63,0,0.0,2024-08-20,Online,Mumbai,160.73
3212,Kids,Soccer,Mercurial Superfly,2,4.0,7670.57,0,0.0,2024-10-05,Retail,Kolkata,2025.11
3217,Men,Soccer,Tiempo Legend,6,1.0,4819.75,0.22,3759.41,2025-02-15,Retail,Pune,-514.9
3222,Kids,Basketball,Air Jordan,4,-1.0,5300.32,0,0.0,2024-10-08,Online,Bangalore,2593.48
3227,Women,Training,ZoomX Invincible,7,1.0,6594.948909090909,0.2,0.0,2025-02-12,Online,Delhi,-604.23
3233,Men,Soccer,Phantom GT,2,1.0,4091.68,0,0.0,2025-04-26,Retail,Hyderabad,571.8
3237,Kids,Basketball,LeBron 20,3,3.0,5596.52,0,0.0,2024-08-16,Retail,Mumbai,2926.28
3238,Women,Training,SuperRep Go,4,1.0,4420.21,0.32,3005.74,2024-08-16,Retail,Mumbai,705.58
3239,Men,Running,Pegasus Turbo,4,-1.0,6047.902291666666,0,0.0,2024-08-16,Retail,Mumbai,1810.07
3240,Kids,Basketball,Zoom Freak,9,-1.0,8776.59,0,0.0,2024-05-27,Retail,Hyderabad,-1020.05
3243,Men,Lifestyle,Air Force 1,3,3.0,6194.755901639345,0,0.0,2024-10-25,Retail,Pune,1943.22
3244,Women,Training,Metcon 7,2,0.0,6019.014594594595,0,0.0,2025-03-13,Online,Hyderabad,1750.18
3245,Women,Running,React Infinity,3,3.0,6447.061224489796,0,0.0,2024-05-19,Retail,Pune,3102.91
3248,Women,Lifestyle,Blazer Mid,12,0.0,8234.91,0,0.0,2024-11-24,Online,Mumbai,2984.1
3249,Kids,Lifestyle,Blazer Mid,2,1.0,4738.25,0,0.0,2025-02-25,Online,Bangalore,731.1
3251,Men,Soccer,Premier III,7,-1.0,6735.33,0,0.0,2024-10-01,Retail,Kolkata,3462.04
3252,Men,Basketball,Zoom Freak,10,1.0,6748.174761904761,0,0.0,2024-03-26,Online,Mumbai,-563.83
3255,Kids,Basketball,Air Jordan,4,-1.0,6975.67,0,0.0,2025-03-02,Online,Bangalore,960.65
3257,Women,Running,Free RN,7,-1.0,7056.01,0,0.0,2025-01-19,Retail,Kolkata,1190.89
3258,Men,Lifestyle,Dunk Low,2,0.0,6179.874130434783,0,0.0,2025-01-19,Online,Mumbai,853.35
3259,Women,Lifestyle,Air Force 1,6,0.0,7305.78,0,0.0,2025-07-04,Retail,Mumbai,573.79
3260,Men,Soccer,Mercurial Superfly,7,1.0,6274.248378378378,0,0.0,2025-06-28,Online,Mumbai,1287.17
3263,Women,Running,React Infinity,3,4.0,6447.061224489796,0,0.0,2025-02-23,Online,Mumbai,2278.12
3265,Women,Soccer,Mercurial Superfly,2,4.0,6274.248378378378,0,0.0,2024-09-22,Retail,Bangalore,2860.71
2006,Kids,Training,Flex Trainer,7,3.0,5957.5976190476185,0,0.0,2024-09-22,Retail,Delhi,-573.18
3273,Women,Soccer,Phantom GT,2,-1.0,5527.7,0.17,-4587.99,2024-02-04,Online,Bangalore,2577.59
3274,Men,Training,SuperRep Go,3,3.0,6031.14,0.15,15379.41,2025-05-03,Retail,Hyderabad,169.05
3275,Women,Soccer,Premier III,3,4.0,5879.875,0,0.0,2025-05-27,Retail,Hyderabad,1652.12
3279,Kids,Soccer,Mercurial Superfly,4,4.0,2572.41,0.1,9260.68,2024-11-09,Retail,Delhi,3098.28
3280,Kids,Training,SuperRep Go,4,-1.0,7709.7,0,0.0,2024-10-12,Online,Mumbai,663.54
3281,Men,Soccer,Mercurial Superfly,3,2.0,6075.6,0,0.0,2024-10-12,Retail,Pune,93.8
3282,Kids,Basketball,Air Jordan,4,4.0,6064.126491228069,0.23,0.0,2024-05-19,Retail,Delhi,-190.17
3283,Men,Soccer,Premier III,4,2.0,5879.875,0,0.0,2024-10-18,Online,Mumbai,3871.51
3285,Men,Training,Metcon 7,4,4.0,6019.014594594595,0,0.0,2024-10-05,Online,Hyderabad,-401.38
3288,Kids,Lifestyle,Dunk Low,10,4.0,6179.874130434783,0,0.0,2024-07-25,Retail,Delhi,3852.98
3289,Men,Training,Metcon 7,2,-1.0,6019.014594594595,0,0.0,2024-09-13,Online,Pune,-878.7
3290,Kids,Lifestyle,Air Force 1,4,2.0,7377.71,0,0.0,2024-09-13,Online,Pune,2588.85
2021,Kids,Running,React Infinity,12,4.0,6447.061224489796,0,0.0,2024-12-29,Online,Hyderabad,2465.98
3300,Women,Basketball,Air Jordan,3,2.0,6064.126491228069,0,0.0,2024-12-18,Retail,Bangalore,3436.23
3301,Women,Lifestyle,Waffle One,3,0.0,4492.46,0,0.0,2024-12-18,Retail,Hyderabad,1018.52
3303,Kids,Soccer,Tiempo Legend,9,2.0,6380.5,0,0.0,2024-10-19,Online,Kolkata,2846.02
3310,Women,Running,Free RN,2,4.0,6094.6030612244895,0.21,0.0,2025-04-18,Retail,Kolkata,2856.16
3311,Kids,Soccer,Premier III,2,0.0,5879.875,0.04,0.0,2025-05-02,Online,Delhi,3152.21
3312,Women,Basketball,Zoom Freak,2,1.0,8069.3,0,0.0,2025-05-25,Retail,Pune,-95.96
3313,Kids,Basketball,Kyrie Flytrap,8,0.0,9460.52,0,0.0,2025-05-25,Retail,Hyderabad,-476.54
3314,Men,Training,ZoomX Invincible,9,2.0,7050.14,0,0.0,2025-05-25,Retail,Hyderabad,-815.54
3317,Kids,Basketball,Air Jordan,10,3.0,6064.126491228069,0,0.0,2024-04-25,Online,Hyderabad,3852.52
3321,Kids,Soccer,Tiempo Legend,2,4.0,4986.67,1.07,-1396.27,2025-01-15,Retail,Mumbai,3170.16
3327,Men,Training,Flex Trainer,12,3.0,5957.5976190476185,0,0.0,2025-03-10,Online,Bangalore,-1155.61
3330,Women,Training,Metcon 7,2,-1.0,6019.014594594595,0.85,0.0,2024-04-28,Online,Kolkata,1714.75
3331,Kids,Soccer,Phantom GT,3,-1.0,9040.55,0,0.0,2024-04-28,Retail,Mumbai,2233.57
3333,Kids,Training,SuperRep Go,3,2.0,5628.213958333334,0,0.0,2024-04-28,Retail,Kolkata,1519.97
3334,Kids,Soccer,Tiempo Legend,3,3.0,2471.71,0,0.0,2023-11-14,Online,Mumbai,1190.89
3337,Men,Training,ZoomX Invincible,3,4.0,6594.948909090909,0,0.0,2024-10-10,Online,Delhi,2915.13
3340,Kids,Soccer,Premier III,2,3.0,3248.74,0,0.0,2024-12-29,Retail,Mumbai,2551.47
3341,Kids,Training,Metcon 7,8,3.0,8387.99,0,0.0,2024-03-23,Online,Bangalore,1693.41
2037,Women,Lifestyle,Dunk Low,12,4.0,6179.874130434783,1.23,0.0,2025-04-11,Online,Delhi,3651.05
3343,Kids,Basketball,Air Jordan,3,3.0,9405.77,0,0.0,2024-11-12,Retail,Hyderabad,1688.78
3346,Kids,Training,SuperRep Go,12,4.0,5628.213958333334,0.15,0.0,2025-06-24,Retail,Delhi,3392.46
3349,Men,Training,ZoomX Invincible,2,0.0,8180.92,1.25,0.0,2024-09-26,Retail,Hyderabad,-481.2
2028,Men,Basketball,Kyrie Flytrap,7,4.0,2824.55,0,0.0,2025-03-01,Online,Delhi,1123.78
3355,Kids,Basketball,LeBron 20,6,0.0,7781.4,1.14,0.0,2025-01-16,Online,Pune,1815.96
3356,Women,Soccer,Tiempo Legend,2,4.0,5638.320256410257,0,0.0,2025-03-13,Online,Mumbai,724.11
3357,Kids,Training,Flex Trainer,2,4.0,6206.45,0.5,12412.9,2025-04-05,Online,Delhi,678.42
3360,Women,Training,Metcon 7,2,4.0,6019.014594594595,0.06,0.0,2024-07-31,Online,Bangalore,304.12
3361,Women,Basketball,LeBron 20,4,0.0,6092.007142857143,0,0.0,2024-07-31,Retail,Bangalore,3007.91
3371,Men,Training,Flex Trainer,4,1.0,2636.01,0,0.0,2025-04-26,Retail,Delhi,2255.43
3374,Men,Training,Flex Trainer,2,4.0,4500.96,0,0.0,2024-12-16,Online,Pune,1905.25
3375,Kids,Running,Free RN,2,0.0,2134.23,0,0.0,2024-11-22,Online,Bangalore,1647.39
3377,Men,Basketball,Kyrie Flytrap,2,0.0,5620.632222222222,0.38,0.0,2024-11-22,Online,Hyderabad,1295.93
3378,Kids,Soccer,Phantom GT,4,1.0,3642.74,0,0.0,2024-11-22,Online,Kolkata,2416.87
3382,Men,Basketball,LeBron 20,4,2.0,9187.23,0,0.0,2025-01-10,Retail,Hyderabad,1710.15
3387,Men,Soccer,Phantom GT,10,4.0,6263.1849999999995,1.07,0.0,2025-06-21,Retail,Bangalore,2821.58
3389,Women,Running,Air Zoom,2,3.0,9764.91,0,0.0,2025-04-04,Online,Mumbai,3491.49
2044,Kids,Soccer,Premier III,4,3.0,2068.95,0.81,1179.3,2025-04-04,Retail,Delhi,-182.98
3391,Women,Soccer,Mercurial Superfly,2,2.0,6274.248378378378,0,0.0,2023-11-14,Retail,Hyderabad,1628.31
3394,Kids,Lifestyle,Dunk Low,4,1.0,6179.874130434783,0,0.0,2024-11-03,Online,Hyderabad,2396.11
3395,Women,Running,Free RN,3,3.0,6094.6030612244895,0,0.0,2025-01-15,Online,Mumbai,3069.77
3398,Men,Basketball,LeBron 20,4,2.0,2082.49,0,0.0,2023-08-27,Retail,Kolkata,415.57
3405,Women,Lifestyle,Dunk Low,2,0.0,9986.17,1.04,0.0,2025-01-04,Online,Kolkata,1861.72
3407,Women,Lifestyle,Air Force 1,11,0.0,5704.39,1.11,0.0,2025-01-18,Retail,Delhi,-4.1
3409,Kids,Running,Air Zoom,2,1.0,6312.01,0.3,4418.41,2024-09-08,Retail,Delhi,-1106.07
3411,Kids,Soccer,Mercurial Superfly,9,0.0,6274.248378378378,0,0.0,2025-01-01,Retail,Pune,-970.59
3413,Kids,Soccer,Phantom GT,4,2.0,6263.1849999999995,0,0.0,2023-07-31,Online,Hyderabad,2752.65
3414,Men,Lifestyle,Dunk Low,7,4.0,9996.22,0,0.0,2025-01-21,Online,Mumbai,520.63
3415,Kids,Basketball,Air Jordan,3,-1.0,6165.08,0,0.0,2024-03-06,Online,Hyderabad,-426.97
3418,Men,Soccer,Tiempo Legend,2,1.0,5638.320256410257,1.24,0.0,2025-03-30,Retail,Bangalore,639.28
3423,Kids,Basketball,Kyrie Flytrap,3,2.0,5620.632222222222,0,0.0,2024-08-06,Retail,Mumbai,106.0
3427,Men,Running,Pegasus Turbo,8,1.0,6047.902291666666,0,0.0,2024-07-25,Retail,Mumbai,2741.85
3428,Women,Basketball,Air Jordan,6,1.0,2825.86,0.23,2175.91,2024-12-03,Online,Bangalore,625.3
3429,Men,Soccer,Premier III,10,0.0,5879.875,0,0.0,2025-07-06,Retail,Delhi,-77.97
3431,Women,Training,Metcon 7,3,-1.0,6019.014594594595,0.96,0.0,2024-10-01,Retail,Delhi,3816.31
2028,Kids,Lifestyle,Waffle One,4,0.0,5619.815833333333,0.95,0.0,2025-01-02,Online,Delhi,2511.65
3438,Women,Soccer,Phantom GT,7,3.0,6263.1849999999995,0.18,0.0,2024-09-05,Retail,Hyderabad,1669.74
3440,Kids,Lifestyle,Waffle One,2,3.0,5619.815833333333,0,0.0,2025-03-07,Online,Mumbai,-510.72
3441,Kids,Running,Free RN,12,2.0,9313.98,0,0.0,2025-05-08,Retail,Delhi,3301.27
3442,Kids,Basketball,Zoom Freak,4,4.0,6748.174761904761,0,0.0,2025-01-21,Online,Mumbai,3129.5
3445,Men,Lifestyle,Blazer Mid,10,-1.0,4693.81,0,0.0,2025-07-04,Retail,Bangalore,3658.04
3450,Men,Running,React Infinity,2,3.0,6447.061224489796,0,0.0,2024-01-16,Retail,Bangalore,904.82
3454,Kids,Basketball,Zoom Freak,4,2.0,6748.174761904761,0,0.0,2024-12-05,Online,Delhi,2313.95
3456,Women,Basketball,Air Jordan,12,-1.0,3011.32,0,0.0,2025-01-17,Online,Delhi,2531.22
3460,Women,Running,React Infinity,4,0.0,5403.67,0,0.0,2025-03-27,Online,Pune,1372.6
2004,Kids,Running,Free RN,10,1.0,6094.6030612244895,0,0.0,2025-03-27,Online,Hyderabad,2588.88
3463,Women,Soccer,Phantom GT,12,1.0,6263.1849999999995,0,0.0,2025-02-24,Retail,Pune,1853.7
3464,Kids,Training,Flex Trainer,4,0.0,3362.64,0,0.0,2025-02-24,Online,Bangalore,1587.01
3467,Men,Lifestyle,Air Force 1,2,2.0,6194.755901639345,0,0.0,2025-03-13,Online,Bangalore,1472.83
3469,Kids,Running,Air Zoom,10,1.0,4590.24,0,0.0,2024-10-01,Online,Mumbai,3792.66
3471,Kids,Lifestyle,Waffle One,3,0.0,5637.46,0,0.0,2025-02-04,Retail,Kolkata,-364.01
3473,Kids,Soccer,Premier III,2,4.0,3551.05,0,0.0,2024-12-05,Online,Delhi,63.47
3474,Women,Basketball,LeBron 20,2,2.0,6506.07,0,0.0,2024-12-05,Retail,Hyderabad,3969.54
3475,Kids,Soccer,Tiempo Legend,3,1.0,2120.44,0,0.0,2024-07-29,Online,Mumbai,2996.47
3477,Men,Basketball,Air Jordan,2,2.0,4135.26,0,0.0,2025-04-25,Online,Delhi,1691.28
3479,Women,Training,ZoomX Invincible,4,4.0,6594.948909090909,0,0.0,2024-09-16,Retail,Mumbai,1909.78
3480,Kids,Running,Free RN,2,4.0,2917.45,0,0.0,2024-09-16,Online,Bangalore,2872.75
3481,Women,Lifestyle,Air Force 1,4,4.0,6194.755901639345,0,0.0,2023-10-15,Online,Bangalore,2564.61
3483,Men,Lifestyle,Air Force 1,3,4.0,4733.92,0,0.0,2024-12-04,Online,Kolkata,738.19
3486,Kids,Training,SuperRep Go,3,4.0,5628.213958333334,0,0.0,2024-10-14,Retail,Delhi,1451.77
3488,Women,Soccer,Tiempo Legend,4,4.0,5638.320256410257,0,0.0,2025-03-12,Online,Kolkata,86.25
3489,Kids,Running,React Infinity,8,2.0,6447.061224489796,0,0.0,2025-04-04,Online,Mumbai,1734.72
3490,Men,Running,Free RN,3,0.0,6094.6030612244895,0.98,0.0,2025-07-08,Online,Delhi,1591.77
3495,Women,Basketball,LeBron 20,2,-1.0,6092.007142857143,0,0.0,2024-08-13,Retail,Pune,3572.8
3496,Men,Running,Air Zoom,2,3.0,5842.576458333334,0.77,0.0,2024-10-08,Retail,Delhi,-786.91
3497,Women,Basketball,Zoom Freak,3,2.0,8688.92,0,0.0,2024-12-08,Online,Mumbai,1878.22
3498,Women,Training,SuperRep Go,2,0.0,8797.69,0,0.0,2024-09-10,Retail,Pune,-910.3
3506,Men,Training,Metcon 7,3,0.0,9701.91,0.51,0.0,2025-05-10,Online,Pune,2393.61
3512,Kids,Basketball,Zoom Freak,2,4.0,6748.174761904761,0.96,0.0,2025-06-05,Retail,Pune,2516.79
3520,Women,Lifestyle,Waffle One,4,2.0,2080.85,1.24,-998.81,2024-03-22,Retail,Delhi,-776.21
3529,Men,Training,SuperRep Go,3,1.0,5628.213958333334,0.2,0.0,2025-03-28,Retail,Delhi,1448.77
3537,Men,Lifestyle,Blazer Mid,4,2.0,5464.07,1.01,-109.28,2025-06-15,Online,Kolkata,3170.78
3538,Kids,Basketball,Kyrie Flytrap,3,0.0,5620.632222222222,0,0.0,2024-12-12,Online,Bangalore,2787.81
3539,Kids,Lifestyle,Air Force 1,4,3.0,7706.3,1.15,-3467.83,2024-12-12,Retail,Hyderabad,2366.58
3540,Kids,Training,Flex Trainer,4,-1.0,9564.4,0,0.0,2025-05-16,Retail,Delhi,1850.13
3541,Kids,Training,SuperRep Go,2,-1.0,3644.5,0,0.0,2024-09-04,Online,Mumbai,2011.76
3545,Men,Training,Flex Trainer,12,3.0,5957.5976190476185,0,0.0,2023-08-03,Online,Delhi,2239.86
3547,Kids,Soccer,Tiempo Legend,4,4.0,5638.320256410257,0,0.0,2023-08-03,Online,Delhi,2157.74
3549,Kids,Training,SuperRep Go,3,0.0,4493.02,0.81,0.0,2024-03-12,Online,Mumbai,14.79
3552,Men,Running,React Infinity,4,4.0,6447.061224489796,0,0.0,2025-05-17,Retail,Mumbai,762.95
3553,Women,Running,Air Zoom,4,2.0,5216.27,0,0.0,2025-06-25,Online,Pune,-720.87
3555,Kids,Soccer,Phantom GT,9,2.0,6263.1849999999995,0,0.0,2025-04-26,Retail,Hyderabad,-1069.25
3556,Women,Basketball,Kyrie Flytrap,2,4.0,5620.632222222222,0,0.0,2025-03-13,Retail,Kolkata,-843.61
3557,Kids,Basketball,Air Jordan,3,1.0,6064.126491228069,0.66,0.0,2024-08-09,Retail,Hyderabad,-884.81
3558,Women,Training,Flex Trainer,3,4.0,4045.21,0,0.0,2024-08-30,Online,Mumbai,-113.44
3567,Men,Lifestyle,Air Force 1,3,2.0,6194.755901639345,0.56,0.0,2024-12-12,Online,Kolkata,1353.32
3568,Women,Running,Pegasus Turbo,3,0.0,6099.8,1.2,0.0,2024-12-12,Retail,Pune,1494.24
3574,Kids,Basketball,Air Jordan,4,0.0,6064.126491228069,0.96,0.0,2025-01-13,Online,Bangalore,2589.0
3575,Women,Running,React Infinity,4,0.0,5716.18,1.1,0.0,2025-07-03,Retail,Pune,3271.27
3576,Women,Lifestyle,Waffle One,2,2.0,3533.18,0,0.0,2024-03-17,Retail,Bangalore,-586.23
3577,Women,Running,Pegasus Turbo,4,0.0,6047.902291666666,0,0.0,2024-10-19,Online,Kolkata,102.77
3578,Men,Lifestyle,Blazer Mid,4,4.0,6348.19,0,0.0,2024-10-19,Retail,Hyderabad,1939.74
3579,Men,Basketball,LeBron 20,4,0.0,9995.55,0,0.0,2025-02-03,Retail,Delhi,1962.41
3581,Women,Soccer,Phantom GT,3,4.0,6263.1849999999995,0,0.0,2024-12-23,Retail,Kolkata,2178.05
3596,Men,Training,Metcon 7,8,2.0,6019.014594594595,0,0.0,2025-06-10,Online,Pune,-66.97
3598,Men,Soccer,Tiempo Legend,4,1.0,5638.320256410257,0,0.0,2025-04-07,Online,Delhi,-798.42
3601,Women,Running,Free RN,4,2.0,4318.12,0,0.0,2025-04-07,Retail,Pune,2730.68
3602,Men,Soccer,Tiempo Legend,4,-1.0,5638.320256410257,0,0.0,2024-07-28,Online,Pune,3731.9
3605,Men,Soccer,Phantom GT,2,2.0,8837.76,0,0.0,2025-01-09,Online,Hyderabad,1627.87
3606,Women,Basketball,LeBron 20,4,3.0,3515.86,0,0.0,2025-02-14,Retail,Pune,-511.49
3610,Kids,Lifestyle,Dunk Low,11,2.0,6179.874130434783,0.64,0.0,2025-03-14,Online,Kolkata,-336.38
3612,Women,Running,Air Zoom,4,1.0,4632.0,0,0.0,2025-06-22,Online,Mumbai,2397.42
3613,Men,Lifestyle,Blazer Mid,4,4.0,5995.4456451612905,0,0.0,2024-08-16,Online,Hyderabad,2136.73
3616,Kids,Lifestyle,Blazer Mid,3,1.0,9799.16,0,0.0,2025-07-01,Retail,Kolkata,3969.15
3617,Men,Soccer,Premier III,9,2.0,4694.37,0,0.0,2024-11-20,Online,Mumbai,2406.47
3618,Men,Soccer,Mercurial Superfly,9,3.0,2209.45,0,0.0,2025-06-15,Retail,Kolkata,932.04
3619,Kids,Lifestyle,Air Force 1,3,0.0,8915.88,0,0.0,2025-02-07,Online,Kolkata,824.23
3620,Men,Running,React Infinity,11,0.0,8561.18,0,0.0,2024-11-02,Retail,Bangalore,1538.46
3622,Women,Soccer,Premier III,8,3.0,2187.91,0,0.0,2024-09-22,Online,Hyderabad,1951.56
3624,Women,Soccer,Premier III,6,-1.0,8534.07,0,0.0,2024-11-17,Retail,Mumbai,-1124.03
3630,Men,Training,Flex Trainer,12,-1.0,2467.49,0,0.0,2024-12-21,Online,Pune,3101.6
3635,Men,Training,SuperRep Go,2,2.0,5628.213958333334,0,0.0,2025-03-22,Retail,Bangalore,3656.45
3636,Women,Soccer,Tiempo Legend,2,2.0,7881.53,0,0.0,2023-12-19,Retail,Delhi,2615.73
3637,Women,Running,Pegasus Turbo,6,2.0,6577.39,0,0.0,2025-05-29,Retail,Delhi,1945.9
3640,Men,Training,Metcon 7,2,0.0,5219.18,0,0.0,2025-04-28,Online,Delhi,309.65
3641,Kids,Training,SuperRep Go,4,0.0,6037.65,0,0.0,2025-04-28,Retail,Delhi,-132.13
3642,Men,Training,Metcon 7,4,-1.0,6019.014594594595,0,0.0,2025-04-28,Online,Mumbai,3617.85
3646,Men,Training,Flex Trainer,4,3.0,5957.5976190476185,0,0.0,2025-04-21,Online,Bangalore,2873.66
3647,Women,Basketball,LeBron 20,2,0.0,3263.64,0,0.0,2024-10-06,Retail,Kolkata,3233.66
3649,Kids,Lifestyle,Blazer Mid,4,0.0,6486.51,0,0.0,2024-10-19,Online,Kolkata,2408.58
3652,Kids,Basketball,Air Jordan,4,0.0,3176.7,0,0.0,2023-11-21,Online,Hyderabad,3349.8
3654,Women,Training,Metcon 7,3,3.0,6019.014594594595,0,0.0,2024-09-10,Retail,Pune,2395.74
3656,Men,Lifestyle,Waffle One,3,4.0,5619.815833333333,0,0.0,2025-06-11,Retail,Pune,3421.81
3661,Kids,Training,ZoomX Invincible,4,0.0,9979.38,0,0.0,2024-12-05,Online,Delhi,2957.86
3667,Kids,Running,Air Zoom,2,4.0,9386.2,0.01,37169.35,2025-04-07,Online,Pune,-1121.02
3668,Kids,Soccer,Premier III,4,1.0,5879.875,0,0.0,2024-10-27,Retail,Mumbai,795.86
3670,Men,Lifestyle,Waffle One,10,1.0,5619.815833333333,0,0.0,2023-08-27,Online,Pune,-929.07
3671,Women,Running,Pegasus Turbo,9,2.0,6047.902291666666,0.01,0.0,2023-08-27,Retail,Bangalore,552.1
3672,Women,Soccer,Tiempo Legend,7,3.0,7127.18,0.32,14539.45,2024-08-16,Online,Delhi,2651.63
3675,Men,Running,Pegasus Turbo,9,2.0,6047.902291666666,0,0.0,2024-11-13,Online,Delhi,3969.03
3678,Women,Lifestyle,Waffle One,10,3.0,5619.815833333333,0,0.0,2024-08-14,Online,Kolkata,1488.91
3679,Women,Basketball,Kyrie Flytrap,2,0.0,5620.632222222222,0.9,0.0,2024-08-14,Retail,Bangalore,3341.51
3680,Men,Training,Flex Trainer,4,3.0,8835.41,0.92,2120.5,2025-01-27,Retail,Delhi,-746.28
3683,Women,Soccer,Premier III,3,2.0,5879.875,0,0.0,2024-05-15,Retail,Kolkata,-4.26
3687,Women,Training,ZoomX Invincible,4,-1.0,6216.27,0,0.0,2024-10-23,Retail,Mumbai,2418.27
3688,Kids,Running,React Infinity,3,1.0,5048.98,0,0.0,2025-04-17,Retail,Kolkata,1214.86
2028,Kids,Soccer,Phantom GT,2,2.0,6263.1849999999995,0.97,0.0,2025-05-15,Retail,Pune,2305.1
3691,Men,Soccer,Premier III,11,4.0,5879.875,0.51,0.0,2025-03-28,Online,Bangalore,2305.88
3694,Kids,Soccer,Tiempo Legend,3,0.0,4954.41,0,0.0,2025-03-28,Online,Hyderabad,1522.3
3698,Women,Basketball,Zoom Freak,3,0.0,7268.55,0.34,0.0,2025-02-18,Retail,Delhi,219.99
3700,Men,Soccer,Premier III,4,2.0,3951.29,0,0.0,2024-10-06,Online,Delhi,-70.93
3706,Men,Running,Pegasus Turbo,2,1.0,9437.73,0,0.0,2025-03-09,Retail,Hyderabad,3271.38
3707,Kids,Lifestyle,Waffle One,3,4.0,9532.8,0,0.0,2025-02-01,Online,Mumbai,732.26
3709,Men,Soccer,Premier III,9,-1.0,4857.69,0,0.0,2025-02-15,Retail,Delhi,-926.92
3710,Kids,Lifestyle,Blazer Mid,3,4.0,9015.8,0,0.0,2025-02-15,Online,Mumbai,1695.86
3714,Kids,Soccer,Tiempo Legend,3,2.0,3568.35,0,0.0,2025-02-21,Retail,Mumbai,2363.52
3715,Men,Lifestyle,Air Force 1,3,4.0,6194.755901639345,0,0.0,2025-06-23,Online,Bangalore,2774.43
3717,Kids,Training,ZoomX Invincible,9,0.0,7781.11,0,0.0,2023-08-23,Retail,Kolkata,-313.83
3722,Kids,Training,ZoomX Invincible,7,1.0,9335.0,0.22,7281.3,2023-11-21,Retail,Mumbai,1787.45
3723,Men,Soccer,Mercurial Superfly,7,-1.0,7430.5,0,0.0,2024-12-29,Online,Delhi,2473.13
3724,Kids,Basketball,LeBron 20,4,2.0,6092.007142857143,0,0.0,2025-01-22,Online,Bangalore,-866.33
3730,Kids,Training,ZoomX Invincible,2,1.0,7865.95,0,0.0,2025-02-06,Online,Bangalore,3302.11
2031,Kids,Running,Pegasus Turbo,3,0.0,3360.35,0.15,0.0,2024-03-15,Retail,Delhi,1282.69
3736,Men,Training,ZoomX Invincible,2,1.0,6594.948909090909,0.38,0.0,2024-09-19,Retail,Pune,-1171.61
3737,Kids,Basketball,Air Jordan,12,0.0,6064.126491228069,0,0.0,2024-09-19,Retail,Pune,690.1
3738,Men,Soccer,Premier III,11,1.0,6968.08,0.02,6828.72,2025-03-30,Online,Delhi,-673.94
3739,Women,Training,SuperRep Go,11,-1.0,5050.05,0,0.0,2025-01-13,Online,Kolkata,3928.19
3741,Kids,Lifestyle,Air Force 1,3,2.0,8927.22,0.2,14283.55,2025-07-13,Retail,Kolkata,821.32
3750,Kids,Training,Metcon 7,7,-1.0,6019.014594594595,0,0.0,2024-12-21,Retail,Bangalore,1566.16
3751,Kids,Lifestyle,Air Force 1,4,-1.0,6194.755901639345,0.4,0.0,2024-12-21,Retail,Delhi,-399.23
3754,Kids,Running,Free RN,3,3.0,4288.27,0,0.0,2024-09-29,Online,Bangalore,828.22
3755,Women,Soccer,Phantom GT,8,4.0,2342.16,0.25,7026.48,2025-04-20,Retail,Mumbai,1007.0
3758,Kids,Running,Pegasus Turbo,2,3.0,4306.67,0,0.0,2025-05-10,Retail,Delhi,-233.45
3759,Women,Basketball,LeBron 20,12,0.0,9605.6,0.81,0.0,2025-02-03,Online,Hyderabad,1611.59
3761,Women,Basketball,Zoom Freak,3,4.0,2972.38,0.14,10224.99,2024-11-18,Online,Hyderabad,2569.74
3762,Men,Lifestyle,Air Force 1,9,1.0,2725.1,0,0.0,2025-07-06,Retail,Mumbai,-997.11
3763,Kids,Basketball,LeBron 20,11,0.0,6092.007142857143,0,0.0,2025-03-04,Retail,Hyderabad,3671.32
3764,Men,Lifestyle,Blazer Mid,10,2.0,3953.6,0,0.0,2024-02-22,Online,Kolkata,528.86
3765,Kids,Running,Pegasus Turbo,2,3.0,6047.902291666666,0.44,0.0,2024-09-02,Online,Hyderabad,3376.32
3770,Women,Running,Free RN,2,4.0,6094.6030612244895,0.36,0.0,2024-02-03,Retail,Mumbai,3784.67
3771,Kids,Basketball,Kyrie Flytrap,4,-1.0,3388.26,0,0.0,2024-09-02,Retail,Delhi,2376.36
3772,Women,Soccer,Mercurial Superfly,4,3.0,8140.47,0,0.0,2024-11-23,Retail,Pune,3115.97
3777,Men,Training,SuperRep Go,4,-1.0,5628.213958333334,0,0.0,2025-06-05,Retail,Hyderabad,2781.77
3780,Women,Soccer,Tiempo Legend,4,0.0,5054.63,0.21,0.0,2024-12-17,Online,Pune,3818.72
3783,Women,Running,React Infinity,2,2.0,8500.65,0,0.0,2025-02-22,Online,Mumbai,3344.47
3784,Kids,Training,SuperRep Go,10,0.0,5628.213958333334,0,0.0,2025-07-07,Retail,Pune,2743.21
3785,Kids,Lifestyle,Blazer Mid,4,3.0,6464.0,0.45,10665.6,2025-07-07,Retail,Delhi,698.11
3789,Women,Lifestyle,Air Force 1,4,2.0,2738.79,0,0.0,2024-08-11,Retail,Hyderabad,863.29
3794,Men,Training,Flex Trainer,4,3.0,9360.87,0,0.0,2025-04-18,Online,Pune,125.97
3795,Men,Soccer,Phantom GT,2,4.0,6263.1849999999995,1.03,0.0,2024-09-20,Retail,Hyderabad,2418.53
3799,Men,Basketball,Air Jordan,4,3.0,7881.86,0,0.0,2025-05-24,Retail,Mumbai,830.72
3804,Women,Basketball,Kyrie Flytrap,4,2.0,5620.632222222222,0,0.0,2025-04-26,Retail,Hyderabad,2486.45
3805,Women,Lifestyle,Dunk Low,2,0.0,6179.874130434783,0.75,0.0,2024-08-11,Retail,Bangalore,2727.66
3808,Kids,Running,Free RN,2,0.0,6094.6030612244895,0.93,0.0,2025-05-11,Online,Kolkata,1363.94
3809,Women,Running,Air Zoom,11,-1.0,5842.576458333334,0,0.0,2024-02-13,Retail,Kolkata,3564.78
3811,Women,Running,React Infinity,4,0.0,5706.6,0,0.0,2024-09-28,Online,Bangalore,1397.86
3812,Kids,Training,ZoomX Invincible,3,0.0,9321.19,0,0.0,2024-11-01,Online,Kolkata,818.49
3813,Men,Lifestyle,Waffle One,2,3.0,5619.815833333333,0,0.0,2025-05-09,Online,Mumbai,-921.98
3814,Kids,Lifestyle,Dunk Low,2,-1.0,9668.47,0,0.0,2024-12-25,Retail,Kolkata,3718.8
3815,Women,Training,Flex Trainer,9,3.0,5957.5976190476185,0,0.0,2025-04-16,Online,Kolkata,1224.44
3817,Kids,Basketball,Kyrie Flytrap,4,-1.0,5620.632222222222,0.61,0.0,2024-10-30,Retail,Mumbai,623.82
3818,Women,Basketball,LeBron 20,3,1.0,6092.007142857143,1.08,0.0,2024-10-30,Retail,Pune,1201.41
3819,Kids,Basketball,Zoom Freak,2,3.0,7171.03,0,0.0,2025-05-27,Retail,Kolkata,2723.0
3821,Women,Lifestyle,Air Force 1,3,-1.0,7539.55,0,0.0,2024-10-19,Retail,Kolkata,-17.8
3823,Men,Running,Air Zoom,3,-1.0,5842.576458333334,0.14,0.0,2024-10-19,Online,Bangalore,531.93
3827,Kids,Soccer,Phantom GT,2,2.0,6263.1849999999995,0,0.0,2024-10-08,Online,Delhi,-356.71
3830,Kids,Soccer,Phantom GT,3,2.0,3664.1,0,0.0,2024-09-04,Retail,Hyderabad,3188.23
3831,Men,Running,Air Zoom,3,0.0,3231.05,0,0.0,2025-04-26,Online,Bangalore,504.5
3835,Men,Running,Free RN,11,1.0,6094.6030612244895,0,0.0,2025-03-23,Retail,Pune,2281.47
2028,Women,Running,Pegasus Turbo,8,0.0,6047.902291666666,1.02,0.0,2025-02-20,Online,Delhi,-417.11
3840,Men,Soccer,Phantom GT,7,0.0,6263.1849999999995,0,0.0,2025-03-20,Retail,Pune,-313.26
3842,Men,Soccer,Tiempo Legend,2,-1.0,5638.320256410257,1.22,0.0,2024-09-14,Retail,Mumbai,3506.47
3843,Women,Training,SuperRep Go,2,2.0,5628.213958333334,0,0.0,2024-09-14,Online,Hyderabad,2882.29
3844,Women,Training,Metcon 7,2,1.0,6019.014594594595,0.32,0.0,2024-08-29,Online,Mumbai,1073.8
3849,Men,Training,Metcon 7,4,1.0,6019.014594594595,0,0.0,2025-07-11,Online,Pune,-671.09
2045,Kids,Running,Pegasus Turbo,3,1.0,4891.02,0,0.0,2025-06-16,Online,Kolkata,-473.08
3853,Women,Training,Flex Trainer,3,1.0,7753.56,0,0.0,2024-10-17,Online,Kolkata,2754.32
3854,Women,Training,Flex Trainer,3,3.0,9569.02,0,0.0,2024-10-17,Online,Bangalore,3535.19
3858,Kids,Lifestyle,Waffle One,3,2.0,5619.815833333333,0.87,0.0,2024-09-07,Online,Bangalore,-485.83
3859,Kids,Lifestyle,Blazer Mid,2,3.0,5995.4456451612905,0,0.0,2024-11-20,Retail,Mumbai,2907.33
3860,Men,Basketball,LeBron 20,7,3.0,6092.007142857143,0,0.0,2025-04-04,Online,Mumbai,3441.46
3861,Men,Basketball,Air Jordan,6,4.0,6064.126491228069,0.46,0.0,2025-04-04,Retail,Hyderabad,419.79
3862,Kids,Lifestyle,Dunk Low,3,1.0,6179.874130434783,0.61,0.0,2023-11-17,Online,Delhi,3454.42
3865,Men,Training,ZoomX Invincible,3,2.0,7356.92,0,0.0,2025-05-01,Online,Hyderabad,-1144.16
3868,Women,Running,Free RN,11,0.0,3554.76,0.51,0.0,2025-04-27,Online,Bangalore,-593.5
3869,Women,Basketball,LeBron 20,3,3.0,7599.38,1.17,-3875.68,2025-04-27,Retail,Delhi,-633.81
3871,Women,Training,SuperRep Go,4,3.0,5628.213958333334,0,0.0,2024-09-17,Retail,Delhi,1773.99
3873,Men,Soccer,Tiempo Legend,2,3.0,5638.320256410257,0,0.0,2024-09-17,Online,Bangalore,996.15
3874,Women,Basketball,LeBron 20,4,4.0,3305.6,0.7,3966.72,2024-08-27,Online,Kolkata,1605.13
3875,Women,Basketball,LeBron 20,3,0.0,3304.18,0.9,0.0,2024-08-27,Retail,Pune,3345.28
3876,Men,Soccer,Phantom GT,4,-1.0,4310.9,0,0.0,2024-12-24,Retail,Hyderabad,3835.88
3879,Men,Training,Flex Trainer,11,0.0,6473.43,0.1,0.0,2024-08-13,Retail,Pune,2954.36
3885,Men,Training,Metcon 7,4,2.0,6019.014594594595,0,0.0,2024-11-10,Online,Bangalore,-512.97
3887,Women,Basketball,Zoom Freak,10,4.0,6748.174761904761,0,0.0,2025-06-07,Online,Mumbai,3824.51
3891,Men,Training,ZoomX Invincible,3,0.0,9453.17,0,0.0,2025-02-13,Retail,Bangalore,3832.99
3894,Women,Soccer,Premier III,11,-1.0,5255.98,1.03,157.68,2024-06-08,Online,Pune,-1067.96
3895,Men,Soccer,Tiempo Legend,4,-1.0,5638.320256410257,0,0.0,2025-02-15,Online,Hyderabad,366.35
3897,Women,Soccer,Tiempo Legend,8,2.0,6050.27,0.69,3751.17,2025-02-15,Retail,Delhi,3332.49
3898,Men,Basketball,LeBron 20,3,1.0,6092.007142857143,0.07,0.0,2025-02-27,Retail,Hyderabad,1353.92
3899,Men,Basketball,Zoom Freak,3,1.0,6748.174761904761,0.75,0.0,2025-02-27,Retail,Pune,-579.76
3900,Men,Basketball,Zoom Freak,2,3.0,9599.44,0,0.0,2024-11-01,Retail,Delhi,-553.3
3904,Kids,Soccer,Phantom GT,3,2.0,7775.87,0,0.0,2025-05-28,Retail,Bangalore,1143.11
3906,Men,Lifestyle,Dunk Low,4,4.0,7588.77,0.14,26105.37,2024-09-04,Online,Hyderabad,3435.73
3907,Women,Running,React Infinity,3,3.0,6447.061224489796,0,0.0,2024-09-04,Retail,Delhi,3362.1
3911,Men,Soccer,Premier III,2,1.0,5598.98,0,0.0,2025-05-07,Retail,Mumbai,3070.67
3912,Kids,Basketball,LeBron 20,3,-1.0,6977.03,0,0.0,2025-05-31,Online,Pune,-670.41
3913,Kids,Training,ZoomX Invincible,4,1.0,5255.09,0,0.0,2024-06-12,Retail,Delhi,2941.84
3914,Kids,Soccer,Tiempo Legend,4,2.0,5638.320256410257,0,0.0,2024-10-29,Retail,Delhi,1253.02
3915,Men,Running,Free RN,2,2.0,7962.36,0,0.0,2025-03-12,Online,Pune,3067.47
3916,Women,Soccer,Premier III,3,3.0,5879.875,0,0.0,2025-03-12,Retail,Kolkata,1315.69
3917,Women,Running,React Infinity,3,0.0,4726.33,0,0.0,2024-10-02,Online,Pune,3551.31
2032,Kids,Lifestyle,Waffle One,6,-1.0,5619.815833333333,0,0.0,2025-03-08,Retail,Bangalore,2281.5
3923,Men,Basketball,LeBron 20,4,0.0,2187.01,0,0.0,2025-01-21,Online,Kolkata,-197.46
3925,Kids,Basketball,LeBron 20,2,2.0,6092.007142857143,0.23,0.0,2025-04-19,Retail,Hyderabad,36.04
3926,Men,Lifestyle,Dunk Low,4,2.0,4791.86,0,0.0,2024-11-08,Online,Mumbai,2972.86
3932,Kids,Training,SuperRep Go,3,4.0,4520.97,0.54,8318.58,2025-06-10,Retail,Bangalore,1289.36
3933,Men,Training,SuperRep Go,4,4.0,5628.213958333334,0,0.0,2025-01-25,Online,Pune,1348.54
3936,Kids,Lifestyle,Blazer Mid,2,3.0,3544.33,0,0.0,2023-07-28,Retail,Pune,1983.5
3938,Kids,Training,SuperRep Go,8,1.0,2823.65,0,0.0,2024-12-07,Online,Kolkata,1933.98
3942,Men,Lifestyle,Blazer Mid,2,1.0,3283.25,0,0.0,2024-04-27,Online,Delhi,-938.81
2042,Kids,Soccer,Tiempo Legend,3,4.0,8290.97,0,0.0,2024-12-30,Online,Delhi,-84.8
3955,Kids,Training,SuperRep Go,4,3.0,5628.213958333334,0,0.0,2025-01-16,Retail,Pune,1798.76
3959,Kids,Lifestyle,Dunk Low,2,4.0,6091.98,0,0.0,2025-01-12,Retail,Mumbai,2494.96
2041,Kids,Soccer,Tiempo Legend,2,-1.0,4414.63,0,0.0,2025-02-27,Online,Bangalore,1709.18
3963,Men,Soccer,Mercurial Superfly,4,1.0,6698.41,0,0.0,2025-02-27,Retail,Mumbai,-245.76
3964,Women,Training,ZoomX Invincible,4,-1.0,6594.948909090909,0,0.0,2025-01-03,Retail,Kolkata,117.6
3970,Men,Soccer,Phantom GT,3,0.0,9990.8,0,0.0,2025-06-29,Retail,Kolkata,3351.31
3972,Men,Running,Pegasus Turbo,4,1.0,6047.902291666666,0,0.0,2024-12-20,Retail,Bangalore,1990.32
3973,Kids,Running,React Infinity,2,2.0,6447.061224489796,0,0.0,2024-12-20,Online,Bangalore,-475.2
3974,Men,Lifestyle,Dunk Low,3,4.0,6179.874130434783,0,0.0,2024-03-22,Retail,Delhi,97.6
3975,Women,Soccer,Tiempo Legend,2,3.0,5638.320256410257,0,0.0,2025-03-22,Retail,Mumbai,1293.38
3976,Men,Training,SuperRep Go,3,4.0,7534.51,1.05,-1506.9,2024-12-12,Retail,Delhi,778.13
3977,Men,Soccer,Mercurial Superfly,3,0.0,7483.74,0.21,0.0,2025-05-11,Online,Delhi,2545.49
3979,Men,Training,ZoomX Invincible,2,3.0,6594.948909090909,0.5,0.0,2025-06-11,Online,Pune,896.9
3983,Kids,Lifestyle,Waffle One,3,4.0,5619.815833333333,0.22,0.0,2024-10-16,Online,Pune,633.64
2048,Kids,Basketball,Air Jordan,4,2.0,8918.66,1.19,-3389.09,2024-02-14,Retail,Delhi,1889.03
3986,Kids,Running,Air Zoom,3,1.0,5842.576458333334,0,0.0,2024-11-10,Retail,Mumbai,681.84
3987,Kids,Basketball,Zoom Freak,3,2.0,6748.174761904761,0,0.0,2024-08-18,Retail,Hyderabad,3908.61
3988,Kids,Lifestyle,Blazer Mid,2,4.0,7945.46,0.67,10488.01,2024-10-10,Online,Pune,3698.62
3989,Men,Training,Metcon 7,3,-1.0,6019.014594594595,0,0.0,2024-10-20,Online,Bangalore,1005.26
3990,Kids,Basketball,Air Jordan,11,0.0,6064.126491228069,0,0.0,2024-10-20,Online,Kolkata,2974.82
3992,Men,Lifestyle,Dunk Low,4,-1.0,4431.62,0,0.0,2025-01-13,Online,Pune,-907.76
3993,Kids,Lifestyle,Blazer Mid,7,-1.0,5995.4456451612905,0,0.0,2025-04-25,Retail,Hyderabad,1060.98
3995,Men,Lifestyle,Air Force 1,11,-1.0,6194.755901639345,0.47,0.0,2025-04-12,Online,Delhi,3242.46
3997,Women,Lifestyle,Waffle One,2,4.0,5619.815833333333,0,0.0,2024-01-24,Retail,Hyderabad,-484.62
4000,Women,Basketball,Air Jordan,2,-1.0,6064.126491228069,0.11,0.0,2025-01-09,Retail,Kolkata,309.79
4007,Kids,Soccer,Premier III,4,0.0,5879.875,0,0.0,2025-01-10,Retail,Pune,1746.06
4008,Men,Basketball,LeBron 20,9,3.0,7737.27,0.07,21586.98,2023-12-15,Retail,Hyderabad,180.31
2046,Men,Training,ZoomX Invincible,2,-1.0,5091.2,0,0.0,2025-07-10,Retail,Pune,1544.79
4011,Women,Running,Air Zoom,2,4.0,4909.56,0,0.0,2025-07-04,Retail,Bangalore,2934.53
4013,Women,Basketball,LeBron 20,10,2.0,3794.99,0,0.0,2025-07-04,Online,Hyderabad,1398.9
4015,Men,Lifestyle,Air Force 1,3,4.0,5505.76,0,0.0,2025-07-05,Online,Bangalore,1194.93
4019,Women,Soccer,Tiempo Legend,10,-1.0,5638.320256410257,0.66,0.0,2024-10-27,Online,Bangalore,171.8
4023,Women,Running,Free RN,4,0.0,2376.12,0.76,0.0,2024-11-28,Online,Hyderabad,1267.41
4024,Men,Training,Metcon 7,2,0.0,6019.014594594595,0,0.0,2024-08-29,Retail,Bangalore,-738.85
4026,Men,Basketball,Zoom Freak,4,0.0,3731.78,1.12,0.0,2025-02-17,Online,Hyderabad,-885.09
4028,Women,Running,Pegasus Turbo,9,3.0,6047.902291666666,1.06,0.0,2025-01-12,Retail,Delhi,2568.4
4033,Men,Lifestyle,Blazer Mid,3,4.0,4398.68,0.27,12844.15,2025-04-28,Retail,Bangalore,3573.92
2020,Men,Running,Air Zoom,12,2.0,5614.96,0,0.0,2025-03-05,Online,Kolkata,671.98
4036,Men,Soccer,Mercurial Superfly,2,-1.0,6274.248378378378,0.07,0.0,2025-01-11,Online,Mumbai,2718.34
4042,Kids,Lifestyle,Air Force 1,9,0.0,2566.15,0,0.0,2024-09-09,Online,Hyderabad,-198.88
4047,Men,Running,Air Zoom,12,2.0,5842.576458333334,0,0.0,2025-02-20,Retail,Kolkata,56.56
4053,Women,Soccer,Phantom GT,6,2.0,6263.1849999999995,0,0.0,2025-03-02,Retail,Pune,21.13
4059,Kids,Basketball,Air Jordan,3,1.0,9700.41,1.24,-2328.1,2025-02-03,Retail,Delhi,1000.57
4060,Women,Soccer,Tiempo Legend,3,-1.0,8655.46,0.9,-865.55,2024-08-20,Online,Pune,3159.11
4062,Men,Basketball,Zoom Freak,2,0.0,6748.174761904761,0.48,0.0,2025-05-17,Online,Mumbai,505.51
4063,Kids,Lifestyle,Air Force 1,3,0.0,6194.755901639345,0.38,0.0,2025-05-17,Online,Mumbai,-617.86
4064,Men,Basketball,Air Jordan,3,4.0,6064.126491228069,0.38,0.0,2024-09-24,Retail,Hyderabad,587.63
4066,Kids,Running,React Infinity,3,4.0,6599.26,0.85,3959.56,2025-06-29,Retail,Bangalore,3344.47
4067,Men,Soccer,Mercurial Superfly,2,4.0,7408.31,0,0.0,2025-05-17,Online,Bangalore,1974.4
4068,Men,Soccer,Tiempo Legend,10,-1.0,5638.320256410257,0,0.0,2025-05-17,Online,Pune,1280.59
4073,Kids,Training,Flex Trainer,2,2.0,5732.59,0,0.0,2024-11-30,Online,Kolkata,3353.3
4075,Kids,Running,Free RN,4,-1.0,6094.6030612244895,0,0.0,2025-05-30,Online,Delhi,2484.0
4084,Kids,Running,Air Zoom,7,-1.0,2108.04,0,0.0,2025-03-29,Retail,Kolkata,-1087.34
4085,Men,Lifestyle,Dunk Low,3,4.0,6179.874130434783,1.19,0.0,2025-01-21,Online,Bangalore,1897.69
4086,Women,Running,Air Zoom,4,3.0,4537.02,0,0.0,2025-04-03,Online,Pune,-195.0
4088,Men,Training,Flex Trainer,2,2.0,5649.73,0.41,6666.68,2025-03-16,Retail,Mumbai,1548.1
4092,Women,Lifestyle,Air Force 1,4,-1.0,9861.8,0,0.0,2024-10-23,Online,Delhi,48.02
4093,Women,Lifestyle,Waffle One,11,4.0,8888.58,0,0.0,2024-10-23,Retail,Kolkata,2944.03
4095,Men,Running,Free RN,4,1.0,7129.09,0,0.0,2025-05-18,Online,Pune,1993.16
4098,Men,Lifestyle,Waffle One,3,0.0,5619.815833333333,0,0.0,2024-09-11,Retail,Bangalore,2371.45
4104,Kids,Basketball,Zoom Freak,11,2.0,6748.174761904761,0,0.0,2025-07-16,Online,Bangalore,3999.21
4107,Kids,Running,React Infinity,3,2.0,6447.061224489796,0,0.0,2025-04-27,Retail,Hyderabad,779.19
4108,Kids,Running,Pegasus Turbo,3,2.0,2767.55,0.19,4483.43,2023-11-25,Online,Kolkata,1059.07
4110,Men,Training,Metcon 7,2,2.0,6019.014594594595,0.41,0.0,2024-08-26,Retail,Hyderabad,3387.91
4111,Women,Lifestyle,Waffle One,3,-1.0,4934.05,0.83,-838.79,2024-11-26,Retail,Bangalore,2377.84
4112,Women,Running,React Infinity,3,-1.0,6254.85,0,0.0,2025-04-22,Online,Delhi,2093.68
4113,Kids,Basketball,Zoom Freak,3,2.0,6435.66,1.05,-643.57,2025-05-12,Online,Bangalore,3372.49
4114,Kids,Training,Metcon 7,4,4.0,4307.83,0,0.0,2025-07-13,Retail,Bangalore,-233.59
4118,Kids,Basketball,LeBron 20,4,4.0,5355.64,0,0.0,2025-05-21,Retail,Mumbai,-538.94
4121,Kids,Training,ZoomX Invincible,6,0.0,2763.46,1.0,0.0,2024-11-07,Retail,Bangalore,-399.33
4122,Kids,Lifestyle,Dunk Low,11,1.0,6179.874130434783,0,0.0,2025-06-18,Retail,Mumbai,-261.43
4124,Kids,Basketball,LeBron 20,2,1.0,6092.007142857143,0.0,0.0,2023-10-16,Online,Delhi,477.62
4127,Women,Running,Free RN,3,-1.0,4690.15,0.49,-2391.98,2024-12-21,Online,Kolkata,1331.92
4133,Men,Basketball,Air Jordan,3,3.0,4105.06,0,0.0,2024-11-09,Online,Mumbai,1015.38
4134,Women,Training,ZoomX Invincible,12,1.0,6594.948909090909,1.11,0.0,2024-11-09,Retail,Delhi,2535.71
4140,Women,Running,Air Zoom,4,-1.0,5842.576458333334,0,0.0,2025-04-28,Online,Bangalore,3381.94
4142,Kids,Training,Flex Trainer,3,-1.0,2840.97,0.87,-369.33,2024-12-21,Online,Bangalore,3836.65
4144,Men,Training,ZoomX Invincible,4,-1.0,2335.82,0,0.0,2025-03-26,Online,Bangalore,304.78
4145,Kids,Soccer,Tiempo Legend,2,2.0,5638.320256410257,0,0.0,2025-03-26,Retail,Delhi,285.95
4147,Men,Basketball,Zoom Freak,3,1.0,7659.09,0,0.0,2024-11-26,Online,Delhi,106.35
4148,Kids,Soccer,Phantom GT,7,3.0,5943.25,0,0.0,2025-07-18,Retail,Pune,-900.4
4149,Women,Training,SuperRep Go,10,4.0,5716.52,0,0.0,2024-09-14,Retail,Pune,274.76
4152,Men,Basketball,Kyrie Flytrap,4,1.0,5620.632222222222,0,0.0,2024-08-07,Online,Mumbai,1011.99
4154,Women,Soccer,Tiempo Legend,3,-1.0,5638.320256410257,0,0.0,2025-02-13,Online,Bangalore,2963.38
4155,Kids,Training,Flex Trainer,2,-1.0,8736.2,0.94,-524.17,2025-02-13,Retail,Bangalore,547.28
4157,Men,Basketball,Zoom Freak,4,3.0,6748.174761904761,0,0.0,2025-07-09,Retail,Delhi,-699.76
4159,Women,Running,React Infinity,4,2.0,8683.8,0,0.0,2024-08-18,Online,Delhi,3914.69
4162,Men,Training,SuperRep Go,4,1.0,3782.59,0,0.0,2025-04-16,Online,Pune,1401.88
4164,Men,Soccer,Tiempo Legend,4,0.0,2196.67,0,0.0,2025-07-21,Online,Bangalore,-1088.9
4165,Women,Training,SuperRep Go,4,1.0,5628.213958333334,0.26,0.0,2024-11-20,Online,Bangalore,2194.38
4166,Women,Soccer,Phantom GT,8,0.0,6263.1849999999995,0,0.0,2025-03-05,Online,Delhi,-512.77
4167,Men,Basketball,Kyrie Flytrap,4,-1.0,3354.93,0,0.0,2025-03-05,Retail,Hyderabad,3486.85
4168,Kids,Running,Free RN,10,4.0,6094.6030612244895,0,0.0,2024-06-09,Retail,Mumbai,3282.84
4172,Women,Soccer,Mercurial Superfly,3,1.0,6274.248378378378,0,0.0,2025-01-21,Retail,Bangalore,155.61
4176,Women,Training,ZoomX Invincible,2,1.0,6594.948909090909,0,0.0,2023-09-02,Retail,Hyderabad,2254.67
4181,Women,Running,Free RN,2,3.0,6094.6030612244895,0,0.0,2025-04-05,Retail,Delhi,-564.63
4182,Men,Lifestyle,Dunk Low,4,1.0,9335.57,0,0.0,2024-12-02,Retail,Mumbai,1135.38
4183,Men,Lifestyle,Air Force 1,11,2.0,8647.63,0,0.0,2025-03-23,Retail,Pune,-443.83
4185,Women,Training,ZoomX Invincible,6,3.0,6594.948909090909,0,0.0,2025-02-01,Online,Hyderabad,2562.05
4187,Women,Training,Flex Trainer,3,0.0,5363.84,0.95,0.0,2025-03-10,Retail,Hyderabad,1194.42
2043,Men,Training,Flex Trainer,4,4.0,5957.5976190476185,0.12,0.0,2023-09-30,Online,Pune,-809.91
4193,Kids,Basketball,Kyrie Flytrap,4,1.0,5620.632222222222,0,0.0,2024-12-04,Online,Mumbai,1192.66
4197,Men,Running,React Infinity,4,4.0,7560.6,0,0.0,2023-09-23,Online,Kolkata,1415.35
4201,Kids,Running,React Infinity,3,3.0,6447.061224489796,0,0.0,2025-05-09,Retail,Kolkata,1412.54
4202,Men,Training,SuperRep Go,3,4.0,4996.25,0,0.0,2025-05-16,Online,Pune,299.85
4209,Women,Running,Air Zoom,2,1.0,5842.576458333334,0,0.0,2023-12-03,Online,Kolkata,3222.58
4210,Kids,Training,SuperRep Go,2,3.0,5628.213958333334,0,0.0,2023-12-03,Retail,Mumbai,2738.04
4211,Men,Basketball,Air Jordan,9,0.0,6064.126491228069,1.09,0.0,2025-04-19,Online,Hyderabad,-253.76
4212,Men,Running,React Infinity,4,3.0,6447.061224489796,0.9,0.0,2023-07-29,Online,Kolkata,3556.86
4213,Men,Lifestyle,Dunk Low,3,0.0,6179.874130434783,0,0.0,2024-05-26,Retail,Delhi,1165.42
4215,Men,Training,Flex Trainer,4,3.0,7213.51,0,0.0,2025-07-13,Online,Kolkata,960.82
4216,Kids,Lifestyle,Waffle One,2,-1.0,4989.15,0,0.0,2025-02-23,Online,Delhi,3445.94
4220,Kids,Lifestyle,Dunk Low,2,2.0,2290.64,0.84,733.0,2025-01-31,Retail,Delhi,608.16
4223,Kids,Soccer,Mercurial Superfly,3,1.0,6274.248378378378,0.31,0.0,2025-02-04,Retail,Bangalore,-1152.37
4228,Kids,Training,SuperRep Go,3,3.0,5628.213958333334,0,0.0,2025-05-12,Retail,Kolkata,-448.12
4229,Kids,Running,Free RN,4,4.0,6094.6030612244895,0,0.0,2025-06-20,Online,Pune,3470.61
4231,Kids,Lifestyle,Blazer Mid,4,2.0,6652.23,1.09,-1197.4,2024-01-08,Online,Pune,-780.66
4232,Women,Soccer,Tiempo Legend,10,0.0,5638.320256410257,0,0.0,2024-01-08,Online,Bangalore,-532.52
4237,Men,Basketball,LeBron 20,3,1.0,6092.007142857143,0,0.0,2025-02-15,Online,Delhi,572.58
4238,Men,Soccer,Phantom GT,4,2.0,6489.35,0,0.0,2024-12-14,Online,Hyderabad,-321.44
4244,Men,Training,Metcon 7,4,2.0,6019.014594594595,0.54,0.0,2025-01-09,Retail,Bangalore,161.88
4245,Kids,Basketball,Zoom Freak,2,3.0,6748.174761904761,0.17,0.0,2024-12-12,Online,Delhi,2445.12
4247,Kids,Training,Flex Trainer,2,1.0,5957.5976190476185,0.69,0.0,2025-02-26,Retail,Kolkata,1585.72
4249,Kids,Training,Flex Trainer,3,1.0,2902.95,0.6,1161.18,2024-10-11,Retail,Bangalore,-855.08
4251,Kids,Basketball,LeBron 20,2,1.0,6092.007142857143,0.59,0.0,2024-01-07,Retail,Mumbai,354.2
2019,Men,Running,Free RN,4,2.0,8072.86,0,0.0,2024-08-07,Online,Kolkata,1387.97
4256,Women,Soccer,Tiempo Legend,4,4.0,5638.320256410257,0.52,0.0,2024-12-18,Online,Hyderabad,-782.15
4258,Kids,Lifestyle,Dunk Low,3,-1.0,4189.36,0,0.0,2024-06-10,Retail,Pune,1276.34
4262,Women,Basketball,LeBron 20,4,0.0,6092.007142857143,0,0.0,2025-04-18,Online,Mumbai,-975.63
4264,Kids,Lifestyle,Air Force 1,2,-1.0,6012.55,0,0.0,2024-01-11,Online,Delhi,783.79
4266,Men,Lifestyle,Waffle One,4,3.0,5619.815833333333,0,0.0,2025-07-04,Online,Mumbai,-898.11
4267,Women,Basketball,Zoom Freak,3,0.0,4101.5,0.28,0.0,2025-07-04,Retail,Pune,2289.05
4268,Men,Lifestyle,Waffle One,3,1.0,6321.98,0,0.0,2025-07-04,Online,Mumbai,-557.35
4269,Kids,Basketball,Zoom Freak,3,2.0,6748.174761904761,0,0.0,2025-07-04,Online,Pune,672.46
4273,Kids,Soccer,Phantom GT,7,3.0,3407.16,0,0.0,2025-01-20,Retail,Mumbai,1161.05
4276,Men,Basketball,Kyrie Flytrap,11,3.0,5620.632222222222,0,0.0,2025-02-05,Retail,Bangalore,-1109.4
4283,Men,Training,ZoomX Invincible,2,1.0,9649.36,0.95,482.47,2025-02-26,Retail,Bangalore,1158.69
4287,Kids,Lifestyle,Waffle One,6,0.0,5619.815833333333,0,0.0,2025-06-08,Retail,Kolkata,-157.55
4292,Men,Training,ZoomX Invincible,3,2.0,6594.948909090909,0.23,0.0,2024-11-24,Online,Delhi,1328.75
4293,Women,Basketball,Kyrie Flytrap,4,0.0,5620.632222222222,0,0.0,2025-03-20,Retail,Delhi,635.45
4295,Women,Basketball,Air Jordan,10,4.0,4469.12,0,0.0,2025-03-15,Retail,Mumbai,-1033.41
4296,Women,Lifestyle,Waffle One,7,3.0,4121.58,0,0.0,2025-03-15,Online,Mumbai,3702.74
4309,Women,Training,Metcon 7,2,0.0,6019.014594594595,0.12,0.0,2025-06-18,Online,Pune,-9.44
4310,Kids,Basketball,Zoom Freak,4,0.0,9745.69,0.16,0.0,2025-06-17,Retail,Delhi,138.5
4311,Men,Training,SuperRep Go,3,3.0,5628.213958333334,0.46,0.0,2023-08-16,Retail,Bangalore,2595.51
4315,Women,Lifestyle,Dunk Low,2,4.0,4080.51,0,0.0,2024-03-04,Retail,Pune,3322.21
4318,Women,Basketball,Kyrie Flytrap,11,-1.0,5620.632222222222,0,0.0,2024-10-16,Retail,Kolkata,883.91
2027,Men,Training,SuperRep Go,3,0.0,5628.213958333334,0.08,0.0,2024-11-14,Retail,Kolkata,126.1
4324,Women,Soccer,Tiempo Legend,7,0.0,5638.320256410257,0,0.0,2024-10-26,Retail,Mumbai,920.34
4326,Women,Lifestyle,Air Force 1,4,0.0,9604.84,0.31,0.0,2024-06-06,Retail,Delhi,-143.11
2003,Men,Lifestyle,Blazer Mid,2,3.0,5995.4456451612905,0.36,0.0,2024-08-16,Retail,Delhi,1884.04
4330,Kids,Lifestyle,Air Force 1,2,1.0,4087.76,0,0.0,2025-07-17,Retail,Bangalore,-831.23
4336,Men,Soccer,Phantom GT,4,-1.0,7120.57,0.09,-6479.72,2025-06-30,Retail,Pune,1916.22
4347,Men,Lifestyle,Dunk Low,12,-1.0,9440.95,0,0.0,2025-03-10,Retail,Hyderabad,2945.56
4350,Men,Soccer,Phantom GT,2,0.0,6263.1849999999995,0,0.0,2024-05-30,Online,Delhi,2515.85
4351,Men,Soccer,Mercurial Superfly,2,0.0,6274.248378378378,0,0.0,2024-08-19,Online,Pune,3303.1
4352,Men,Running,Pegasus Turbo,9,-1.0,9332.64,0.57,-4013.04,2025-01-10,Retail,Kolkata,-238.9
4353,Men,Soccer,Premier III,2,-1.0,5879.875,0,0.0,2025-01-10,Retail,Bangalore,1665.83
4356,Men,Soccer,Phantom GT,2,1.0,9557.32,0,0.0,2025-03-08,Online,Delhi,1465.63
4358,Kids,Basketball,LeBron 20,4,2.0,6092.007142857143,0.43,0.0,2024-10-18,Online,Mumbai,2538.97
4363,Kids,Basketball,Air Jordan,3,2.0,6064.126491228069,0.75,0.0,2024-11-24,Online,Delhi,-1071.83
4368,Women,Soccer,Tiempo Legend,2,3.0,5481.64,1.18,-2960.09,2024-10-12,Retail,Delhi,2234.28
4370,Women,Running,Pegasus Turbo,3,2.0,5046.05,0.38,6257.1,2024-10-13,Retail,Mumbai,2530.73
4371,Men,Lifestyle,Blazer Mid,7,0.0,2042.87,1.25,0.0,2024-11-22,Retail,Hyderabad,510.02
4374,Women,Basketball,Zoom Freak,4,3.0,6748.174761904761,0,0.0,2024-11-19,Retail,Pune,-1129.38
4375,Women,Training,ZoomX Invincible,3,-1.0,6594.948909090909,0.45,0.0,2025-06-12,Online,Kolkata,-693.38
4379,Women,Lifestyle,Air Force 1,9,3.0,6194.755901639345,0,0.0,2024-08-29,Online,Hyderabad,974.37
4380,Men,Soccer,Phantom GT,2,1.0,6263.1849999999995,0.57,0.0,2024-08-29,Online,Pune,3456.67
4389,Women,Basketball,Zoom Freak,2,0.0,9304.56,0,0.0,2025-07-06,Online,Kolkata,2773.13
4395,Kids,Running,Air Zoom,2,2.0,5282.31,0,0.0,2025-04-20,Online,Mumbai,3365.61
4397,Men,Running,React Infinity,9,-1.0,6447.061224489796,0,0.0,2025-05-08,Retail,Delhi,-671.54
4398,Men,Soccer,Premier III,4,2.0,5879.875,0,0.0,2024-06-29,Online,Delhi,1971.9
4400,Women,Lifestyle,Air Force 1,2,4.0,7798.57,0.28,22459.88,2025-05-27,Retail,Kolkata,1334.4
4403,Kids,Basketball,Kyrie Flytrap,3,0.0,3086.75,0,0.0,2024-08-27,Online,Pune,-681.62
4405,Women,Training,Flex Trainer,4,-1.0,5957.5976190476185,1.24,0.0,2025-02-24,Retail,Pune,3373.28
4408,Kids,Training,Metcon 7,4,1.0,3409.83,0,0.0,2025-02-01,Online,Bangalore,1822.0
4410,Men,Basketball,Kyrie Flytrap,4,-1.0,5967.57,1.1,596.76,2024-01-26,Retail,Mumbai,-1011.68
4412,Kids,Lifestyle,Blazer Mid,4,1.0,5995.4456451612905,0,0.0,2025-05-25,Online,Kolkata,3452.75
4418,Women,Training,Metcon 7,4,2.0,3139.93,0.46,3391.12,2025-06-07,Online,Kolkata,3548.13
4420,Women,Lifestyle,Blazer Mid,3,4.0,4904.79,1.19,-3727.64,2023-11-08,Retail,Pune,2633.82
4423,Men,Running,Free RN,6,1.0,5381.5,0,0.0,2025-01-03,Retail,Pune,57.84
4425,Women,Running,Air Zoom,3,0.0,4034.25,0,0.0,2023-09-04,Retail,Delhi,363.8
4426,Men,Lifestyle,Blazer Mid,2,1.0,5995.4456451612905,0,0.0,2024-12-02,Online,Pune,2133.39
4429,Kids,Soccer,Premier III,4,2.0,5879.875,0.49,0.0,2025-01-18,Retail,Kolkata,3905.15
4430,Kids,Basketball,Kyrie Flytrap,3,2.0,5620.632222222222,0.15,0.0,2025-05-16,Retail,Bangalore,3590.87
4433,Men,Soccer,Phantom GT,2,4.0,4840.5,0,0.0,2025-06-06,Retail,Hyderabad,3226.65
4434,Men,Basketball,Zoom Freak,3,3.0,3844.82,0,0.0,2025-02-09,Online,Hyderabad,-289.83
4436,Men,Training,SuperRep Go,2,4.0,2720.7,0,0.0,2025-04-08,Online,Pune,-818.53
4437,Men,Basketball,Kyrie Flytrap,4,2.0,5620.632222222222,0,0.0,2023-11-25,Retail,Hyderabad,3972.33
4441,Kids,Soccer,Premier III,3,3.0,5879.875,0,0.0,2024-05-05,Retail,Kolkata,2036.39
4443,Men,Lifestyle,Dunk Low,9,3.0,7953.0,1.21,-5010.39,2025-05-12,Retail,Hyderabad,-665.22
4444,Men,Running,React Infinity,7,4.0,6447.061224489796,0.36,0.0,2024-10-04,Online,Kolkata,243.39
4445,Women,Training,Metcon 7,4,1.0,5915.27,0.12,5205.44,2024-12-15,Retail,Mumbai,3456.95
4446,Men,Soccer,Mercurial Superfly,2,2.0,3469.31,0.28,4995.81,2025-01-26,Retail,Pune,2671.58
4447,Kids,Running,Free RN,4,0.0,6094.6030612244895,0,0.0,2024-12-12,Retail,Delhi,1574.91
2030,Women,Basketball,Air Jordan,11,2.0,6064.126491228069,0,0.0,2025-06-10,Retail,Mumbai,2717.93
4449,Men,Lifestyle,Air Force 1,9,0.0,5053.29,0,0.0,2025-02-24,Retail,Kolkata,3206.34
4452,Women,Lifestyle,Blazer Mid,2,1.0,5995.4456451612905,0,0.0,2025-04-27,Online,Bangalore,-86.63
4453,Men,Training,Flex Trainer,4,1.0,5957.5976190476185,0,0.0,2025-05-26,Retail,Bangalore,2814.75
4455,Women,Basketball,Kyrie Flytrap,12,3.0,8629.75,0,0.0,2025-01-02,Online,Mumbai,2417.15
4456,Women,Basketball,Kyrie Flytrap,4,1.0,5620.632222222222,0.32,0.0,2023-12-16,Retail,Hyderabad,450.51
2019,Men,Lifestyle,Air Force 1,3,-1.0,2452.52,0.12,-2158.22,2024-07-26,Retail,Hyderabad,-1199.45
4460,Women,Soccer,Tiempo Legend,2,-1.0,9682.2,0,0.0,2024-10-28,Online,Hyderabad,570.42
4463,Men,Soccer,Premier III,11,3.0,8317.53,0.6,9981.04,2025-06-07,Retail,Pune,1821.65
4468,Men,Soccer,Premier III,4,3.0,6077.13,1.13,-2370.08,2023-11-27,Online,Mumbai,3173.31
4482,Kids,Soccer,Phantom GT,3,2.0,6263.1849999999995,0,0.0,2024-07-16,Online,Mumbai,-742.03
4484,Men,Basketball,Air Jordan,11,3.0,5981.92,0.8,3589.15,2024-12-12,Retail,Hyderabad,-751.05
4488,Women,Training,Flex Trainer,8,2.0,5957.5976190476185,0,0.0,2024-12-16,Retail,Pune,3045.38
4489,Kids,Lifestyle,Blazer Mid,9,3.0,5995.4456451612905,1.15,0.0,2025-04-02,Retail,Bangalore,1890.99
4490,Women,Training,Metcon 7,3,0.0,6019.014594594595,0,0.0,2025-02-23,Online,Kolkata,-1173.84
4491,Women,Running,Pegasus Turbo,2,0.0,6047.902291666666,0,0.0,2025-02-23,Online,Kolkata,3066.85
4493,Women,Lifestyle,Blazer Mid,4,4.0,5995.4456451612905,0,0.0,2024-10-04,Online,Mumbai,321.24
4495,Kids,Basketball,Kyrie Flytrap,4,3.0,5620.632222222222,0,0.0,2025-05-14,Online,Pune,2.97
4496,Men,Basketball,Kyrie Flytrap,3,-1.0,5620.632222222222,0,0.0,2025-05-14,Online,Hyderabad,-487.36
